{"IsDeleted":false,"IsDisabled":false,"isPublic":true,"Description":"","Version":0,"ProjectID":"60a526590404e77ae74cb672","isCachedCDN":"","_id":"60a5265a0404e77ae74cb677","Props":{"elements":{"s278":{"type":"Strip","props":{"styleRef":"s278","tag":"SelectDiscussionGroupStrip"},"children":["e465"],"parent":null},"e382":{"type":"Stack","props":{"lg":{"direction":"row","gridArea":"Col2","position":{"left":3,"top":13,"leftUnit":"px","topUnit":"px","right":"","bottom":"","transform":""},"isHidden":false,"order":[]},"md":{"order":[]},"sm":{"direction":"row","order":[]},"xs":{"direction":"row","order":[]},"ss":{"direction":"row","order":[]},"styleRef":"e382"},"children":["e383","e384"],"parent":"s472"},"e295":{"type":"Typography","props":{"lg":{"text":"Connect With Our Community","variant":"title","gridArea":"Col1","position":{"left":31,"top":153,"leftUnit":"px","topUnit":"px","right":"","bottom":"","transform":""},"isHidden":false},"styleRef":"e295"},"children":[],"parent":"s294"},"e383":{"type":"Typography","props":{"lg":{"text":"FeedPublishDate","variant":"p","gridArea":"","position":{"left":6,"top":10},"isHidden":false},"styleRef":"e383","tag":"FeedPublishDate"},"children":[],"parent":"e382"},"e384":{"type":"Typography","props":{"lg":{"text":"Feed Content","variant":"p","gridArea":"","position":{"left":27,"top":"0","topUnit":"px","bottom":"unset","bottomUnit":"px"},"isHidden":false},"styleRef":"e384","tag":"FeedContent"},"children":[],"parent":"e382"},"e473":{"type":"Section","props":{"lg":{"gridArea":"Col1","position":{"left":"50","top":269,"leftUnit":"%","topUnit":"px","right":"unset","bottom":"","transform":"translateX(-50%)","rightUnit":""},"isHidden":false},"styleRef":"e473"},"children":["e388","e389"],"parent":"s386"},"e385":{"type":"Button","props":{"styleRef":"e385","isInvisibleByDefault":true,"target":"self","action":[{"uid":"ee44e0b4-5fdb-47af-8fdb-811cfb2fbe76","conditions":[],"isAction":false,"actions":{"p278:s386":[{"elemType":"Strip","type":"show"}]}}],"type":"redirect","tag":"Add New Post","lg":{"text":"Add New Post","gridArea":"Col1","variant":"primary","position":{"left":1178,"top":23,"leftUnit":"px","topUnit":"px","right":"","bottom":"","transform":""},"isHidden":false},"redirect":{"label":"Other","value":"other"},"customURL":""},"children":[],"parent":"e465"},"e387":{"type":"FormField","props":{"control":"richtextarea","lg":{"value":"","label":"Share your group post here","placeholder":"","variant":"standard","gridArea":"Col1","position":{"left":3,"top":17,"leftUnit":"px","topUnit":"px","right":"","bottom":"","transform":""},"isHidden":false},"styleRef":"e387","tag":"NewPostBody"},"children":[],"parent":"s386"},"e465":{"type":"Section","props":{"lg":{"gridArea":"Col1","position":{"left":2,"top":1,"leftUnit":"px","topUnit":"px","right":"","bottom":"","transform":""},"isHidden":false},"styleRef":"e465"},"children":["e385","e379"],"parent":"s278"},"e388":{"type":"Button","props":{"lg":{"text":"Post","gridArea":"Col1","variant":"primary","position":{"left":7,"top":15,"leftUnit":"px","topUnit":"px","right":"","bottom":"","transform":""},"isHidden":false},"target":"self","customURL":"","type":"redirect","redirect":{"label":"Other","value":"other"},"styleRef":"e388","action":[{"uid":"63c4603e-0387-4ed6-b630-828937772e4a","conditions":[],"isAction":false,"actions":{"sfAction":[{"items":[{"label":"#12 Feed Item (create)  - New Group Post","value":"718b4b63-80dd-441e-a9a8-b9d4f0b297e5","isPush":true,"order":"1"},{"label":"#18 Group Feed (get)  - Get Group Feeds","value":"c61aa0cc-0d64-4ef2-b61e-b30dd392f767","order":"2"}],"customOrder":true,"isParallelLoad":false}]}},{"uid":"b04d0e2a-9376-449a-8cb8-a2a914d3ce11","conditions":[],"isAction":false,"actions":{"p278:e387":[{"elemType":"FormField","type":"set_value","value":""}],"p278:s386":[{"elemType":"Strip","type":"hide"}]}}]},"children":[],"parent":"e473"},"e389":{"type":"Button","props":{"lg":{"text":"Discard","gridArea":"Col1","variant":"secondary","position":{"left":139,"top":16,"leftUnit":"px","topUnit":"px","right":"","bottom":"","transform":""},"isHidden":false},"target":"self","customURL":"","type":"redirect","redirect":{"label":"Other","value":"other"},"styleRef":"e389","action":[{"uid":"92296403-863f-49dd-a546-ecb35001738d","conditions":[],"isAction":false,"actions":{"p278:e387":[{"elemType":"FormField","type":"set_value","value":""}],"p278:s386":[{"elemType":"Strip","type":"hide"}]}}]},"children":[],"parent":"e473"},"e379":{"type":"FormField","props":{"control":"select","source":"sf","items":[{"label":"Item 1","value":"key1","uid":"59302240-4e0b-4d88-96e5-e4eb0b9cf93e"},{"label":"Item 2","value":"key2","uid":"64a71b5b-65ef-49e7-85ac-0934c6e7011e"},{"label":"Item 3","value":"key3","uid":"275369ab-cf15-4282-a886-bded4e9963db"}],"lg":{"value":"","label":"Select Discussion Group","placeholder":"Select Discussion Group","variant":"standard","gridArea":"Col1","position":{"left":0,"top":21,"leftUnit":"px","topUnit":"px","right":"","bottom":"","transform":""},"isHidden":false},"styleRef":"e379","tag":"Select Discussion Group"},"children":[],"parent":"e465"},"s281":{"type":"Strip","props":{"styleRef":"s281","isRepeat":false,"isRepeatCol":false,"tag":"FeedItemsStrip","params":[{"id":"5e1af9da-c21e-4f8b-a6b4-f572f76939de","valueType":"static","name":"feed_item_id","value":"","paramType":"static"}]},"children":[],"parent":null},"s294":{"type":"Strip","props":{"styleRef":"s294"},"children":["e295"],"parent":null},"s472":{"type":"Strip","props":{"styleRef":"s472","isRepeat":true,"isRepeatCol":false,"tag":"newFeedItemsStrip","isInvisibleByDefault":true},"children":["e382"],"parent":null},"s386":{"type":"Strip","props":{"styleRef":"s386","tag":"NewPostStrip","isInvisibleByDefault":true},"children":["e387","e473"],"parent":null}},"Grid":["s294","s278","s386","s472","s281"],"styles":{"s278":{"type":"Strip","lg":{"columns":1,"rows":1,"areas":[["Col1"]],"root":{"minHeight":96,"backgroundColor":"#96bd3c36"},"row0":96,"row0Unit":"px"}},"e382":{"lg":{"root":{"paddingTop":"20","borderStyle":"solid","width":1359.5,"height":"auto","paddingRight":"10","gridGap":"0","paddingLeft":"20","borderWidth":"1","paddingBottom":"0"}},"type":"Stack"},"e295":{"lg":{"root":{"color":"#ffffffff","width":447,"height":167,"fontSize":"54px","minWidth":447,"textAlign":"center","lineHeight":70,"fontWeight":"bold"}},"type":"Typography"},"e383":{"lg":{"root":{"width":527,"height":27,"fontSize":"14px","lineHeight":18,"color":"#3d8a23b3"}},"type":"Typography"},"e384":{"lg":{"root":{"width":610.5,"height":"auto","alignSelf":"flex-start"}},"type":"Typography"},"e473":{"lg":{"root":{"borderStyle":"solid","width":267,"height":70,"minHeight":70,"borderWidth":"0"}},"type":"Section"},"e385":{"lg":{"root":{"borderStyle":"solid","width":"178","height":"38","fontSize":"16px","backgroundColor":"#6a9405b3","lineHeight":20,"borderRadius":"0"},"rootHover":{"borderStyle":"solid","width":"178","height":"38","fontSize":"16px","backgroundColor":"#6a9405b3","lineHeight":20,"borderRadius":"0"},"rootActive":{"borderStyle":"solid","width":"178","height":"38","fontSize":"16px","backgroundColor":"#6a9405b3","lineHeight":20,"borderRadius":"0"}},"type":"Button"},"e387":{"lg":{"root":{"width":1359.5,"height":131}},"type":"FormField"},"e465":{"lg":{"root":{"borderStyle":"solid","width":1360.5,"height":93,"borderWidth":"0"}},"type":"Section"},"e388":{"lg":{"root":{"color":"rgba(82,82,82, 1)","borderStyle":"solid","width":"120","height":"38","fontSize":"16px","backgroundColor":"#fbfbfbff","borderColor":"#96bd3cb3","borderWidth":"2","lineHeight":20,"borderRadius":"0"},"rootHover":{"color":"rgba(82,82,82, 1)","borderStyle":"solid","width":"120","height":"38","fontSize":"16px","backgroundColor":"#ffffffff","borderColor":"#96bd3cb3","borderWidth":"2","lineHeight":20,"borderRadius":"0"},"rootActive":{"color":"rgba(82,82,82, 1)","borderStyle":"solid","width":"120","height":"38","fontSize":"16px","backgroundColor":"#ffffffff","borderColor":"#96bd3cb3","borderWidth":"2","lineHeight":20,"borderRadius":"0"}},"type":"Button"},"e389":{"lg":{"root":{"color":"rgba(82,82,82, 1)","borderStyle":"solid","width":"120","height":"38","fontSize":"16px","backgroundColor":"#ffffffff","borderColor":"#96bd3cb3","borderWidth":"2","lineHeight":20,"borderRadius":"0"},"rootHover":{"color":"rgba(82,82,82, 1)","borderStyle":"solid","width":"120","height":"38","fontSize":"16px","borderColor":"#96bd3cb3","borderWidth":"2","lineHeight":20,"borderRadius":"0"},"rootActive":{"color":"rgba(82,82,82, 1)","borderStyle":"solid","width":"120","height":"38","fontSize":"16px","borderColor":"#96bd3cb3","borderWidth":"2","lineHeight":20,"borderRadius":"0"}},"type":"Button"},"e379":{"lg":{"root":{"width":460,"height":"auto"}},"type":"FormField"},"s281":{"type":"Strip","lg":{"columns":1,"rows":1,"areas":[["Col1"]],"root":{"minHeight":92,"height":"auto"},"row0":92,"row0Unit":"px"}},"s294":{"type":"Strip","lg":{"columns":1,"rows":1,"areas":[["Col1"]],"root":{"minHeight":427,"height":"auto","backgroundImage":"https://d3255hq6rclyj1.cloudfront.net/609a1d22af27f03794f40e13_ftusergal_.jpg"},"row0":427,"row0Unit":"px"}},"s472":{"type":"Strip","lg":{"columns":1,"rows":1,"areas":[["Col2"]],"root":{"minHeight":97,"height":"auto"},"row0":97,"row0Unit":"px"}},"s386":{"type":"Strip","lg":{"columns":1,"rows":1,"areas":[["Col1"]],"root":{"minHeight":349,"borderStyle":"solid","borderWidth":"0"},"row0":349,"row0Unit":"px"}}},"params":[{"id":"71af4e66-ef57-4a3f-98be-53579a8e36f7","valueType":"static","name":"broadcast_only_group","value":"","paramType":"static"},{"id":"add3c997-1255-4a15-b184-36393f34c025","valueType":"static","name":"selected_feed_item_id","value":"","paramType":"static"}]},"UserID":236090,"__v":0,"URL":"ft352625bf784248b2ad6ca732576fb77b","CreatedAt":"2021-05-19T14:53:14.601Z"}