{"IsDeleted":false,"IsDisabled":false,"isPublic":true,"Description":"","Version":0,"ProjectID":"60a526590404e77ae74cb672","isCachedCDN":"","_id":"60a528600404e77ae74cb67e","Props":{"elements":{"s543":{"type":"Strip","props":{"styleRef":"s543"},"children":["e544","e545","e546","e547","e548","e549","e550","e551","e552","e553","e554","e555","e556"],"parent":null},"e550":{"type":"Search","props":{"mode":"onSearch","lg":{"placeholder":"Search","defaultValue":"","gridArea":"Col1","position":{"left":917.5,"top":187},"variant":"standard","isHidden":false},"styleRef":"e550"},"children":[],"parent":"s543"},"e551":{"type":"FormField","props":{"control":"text","lg":{"value":"","label":"Text field","placeholder":"Text field","variant":"filled","gridArea":"Col1","position":{"left":907.5,"top":278},"isHidden":false},"styleRef":"e551"},"children":[],"parent":"s543"},"e552":{"type":"FormField","props":{"control":"textarea","lg":{"value":"","label":"Textarea field","placeholder":"Textarea field","variant":"filled","gridArea":"Col1","position":{"left":911.5,"top":360},"isHidden":false},"styleRef":"e552"},"children":[],"parent":"s543"},"e553":{"type":"FormField","props":{"control":"richtextarea","lg":{"value":"","label":"Rich textarea field","placeholder":"Rich textarea field","variant":"filled","gridArea":"Col1","position":{"left":919,"top":441,"leftUnit":"px","topUnit":"px","right":"","bottom":"","transform":""},"isHidden":false},"styleRef":"e553"},"children":[],"parent":"s543"},"e554":{"type":"FormField","props":{"control":"email","lg":{"value":"","label":"Email field","placeholder":"Email field","variant":"filled","gridArea":"Col1","position":{"left":648,"top":447,"leftUnit":"px","topUnit":"px","right":"","bottom":"","transform":""},"isHidden":false},"styleRef":"e554"},"children":[],"parent":"s543"},"e544":{"type":"Typography","props":{"lg":{"text":"Title","variant":"title","gridArea":"Col1","position":{"left":364.5,"top":156},"isHidden":false},"styleRef":"e544"},"children":[],"parent":"s543"},"e555":{"type":"FormField","props":{"control":"select","source":"static","items":[{"label":"Item 1aaa","value":"key1aaa","uid":"b9f8b21d-2cf0-4dd4-8191-58afc604c19f"},{"label":"Item 2aaa","value":"key2aaa","uid":"7e2d7b30-ee85-45e0-8e63-3187c881327e"},{"label":"Item 3aaa","value":"key3aaa","uid":"d029e357-1d03-40b0-9fe1-b04d64e120cc"}],"lg":{"value":"","label":"Dropdown field","placeholder":"Dropdown field","variant":"filled","gridArea":"Col1","position":{"left":314.5,"top":577},"isHidden":false},"styleRef":"e555"},"children":[],"parent":"s543"},"e545":{"type":"Typography","props":{"lg":{"text":"Subhead","variant":"subhead","gridArea":"Col1","position":{"left":379.5,"top":320},"isHidden":false},"styleRef":"e545"},"children":[],"parent":"s543"},"e556":{"type":"Button","props":{"lg":{"text":"Button","gridArea":"Col1","variant":"primary","position":{"left":182,"top":281,"leftUnit":"px","topUnit":"px","right":"","bottom":"","transform":""},"isHidden":false},"target":"self","customURL":"","type":"redirect","redirect":{"label":"Other","value":"other"},"styleRef":"e556","action":[{"uid":"93d52e77-7c7a-4851-a8c1-0dca55899c92","conditions":[],"isAction":false,"actions":{"msgDlg":{"0":{"enabled":true,"variant":"toast","autoDismiss":true,"toastMessage":"<p>שגשדגשדכגשדכגשדגכ</p>","appearance":"success"}},"sfAction":[{"items":[{"label":"#6 Case (get)  - Case by Status Chart","value":"3acaa4a6-ffcc-443b-80a3-a816c8781975","order":""}]}]}}]},"children":[],"parent":"s543"},"e546":{"type":"ItemList","props":{"lg":{"type":"menu","gridArea":"Col1","menu":[{"href":"","text":"Item 1","uid":"adbd7a49-ed24-4357-9bd7-5086df4abc02"},{"href":"","text":"Item 2","uid":"27eb2bc0-0a09-4156-bfe9-22f29a35cd0b"},{"href":"","text":"Item 3","uid":"9320dcdf-6d16-4619-87a1-90b1788c8666"}],"variant":"horizontal","position":{"left":374.5,"top":393},"isHidden":false},"styleRef":"e546"},"children":[],"parent":"s543"},"e547":{"type":"Svg","props":{"lg":{"variant":"Rectangle","gridArea":"Col1","svg":"","viewBox":"0 0 50 42","position":{"left":366.5,"top":467},"isHidden":false},"styleRef":"e547"},"children":[],"parent":"s543"},"e548":{"type":"Svg","props":{"lg":{"variant":"Circle","gridArea":"Col1","svg":"","viewBox":"0 0 50 50","position":{"left":474.5,"top":467},"isHidden":false},"styleRef":"e548"},"children":[],"parent":"s543"},"e549":{"type":"Svg","props":{"subType":"Icon","lg":{"variant":"AccountCircle","gridArea":"Col1","position":{"left":667.5,"top":207},"isHidden":false},"styleRef":"e549"},"children":[],"parent":"s543"}},"Grid":["s543"],"styles":{"s543":{"type":"Strip","lg":{"columns":1,"rows":1,"areas":[["Col1"]],"root":{"minHeight":1119},"row0":1119,"row0Unit":"px"}},"e550":{"lg":{"root":{"width":"270","height":"auto"}},"type":"Search"},"e551":{"lg":{"root":{"width":"270","height":"auto"}},"type":"FormField"},"e552":{"lg":{"root":{"width":"270","height":"auto"}},"type":"FormField"},"e553":{"lg":{"root":{"width":"400","height":11}},"type":"FormField"},"e554":{"lg":{"root":{"width":"270","height":"auto"}},"type":"FormField"},"e544":{"lg":{"root":{"width":"270","height":"auto"}},"type":"Typography"},"e555":{"lg":{"root":{"width":"270","height":"auto"}},"type":"FormField"},"e545":{"lg":{"root":{"width":"270","height":"auto"}},"type":"Typography"},"e556":{"lg":{"root":{"width":"178","height":"42","fontSize":"20px","fontFamily":"'Bad Script', cursive;"}},"type":"Button"},"e546":{"type":"ItemList"},"e547":{"lg":{"root":{"width":"60","height":"50"}},"type":"Svg"},"e548":{"lg":{"root":{"width":"60","height":"50"}},"type":"Svg"},"e549":{"lg":{"root":{"width":"60","height":"50"}},"type":"Svg"}}},"URL":"ftb002a0a17dfe4805ae4dff3060ccc45c","UserID":236090,"CreatedAt":"2021-05-19T15:01:52.391Z","__v":0}