{"IsDeleted":false,"IsDisabled":false,"isPublic":true,"Description":"","Version":0,"ProjectID":"60a526590404e77ae74cb672","isCachedCDN":"","_id":"60a5265a0404e77ae74cb678","Props":{"elements":{"s523":{"type":"Strip","props":{"styleRef":"s523"},"children":["e524","e528","e532","e536"],"parent":null},"s449":{"type":"Strip","props":{"styleRef":"s449"},"children":["e450","e459","e460","e461","e496","e506"],"parent":null},"e460":{"type":"Typography","props":{"lg":{"text":"Duis aute irure dolor in reprehenderit in voluptate velit esse cillum dolore eu fugiat nulla pariatur. Excepteur sint occaecat cupidatat non proident, sunt in culpa qui officia deserunt mollit anim id est laborum.","variant":"p","gridArea":"Col1","position":{"left":1,"top":258,"leftUnit":"px","topUnit":"px","right":"unset","bottom":"","rightUnit":"px"},"isHidden":false,"isHTML":false},"styleRef":"e460"},"children":[],"parent":"s449"},"e482":{"type":"Typography","props":{"lg":{"text":"<p><span style=\"color: #ffffff;\">Address:&nbsp;</span><br /><span style=\"color: #ffffff;\">Phone:</span><br /><span style=\"color: #ffffff;\">Fax:&nbsp;</span><br /><span style=\"color: #ffffff;\">Email:&nbsp;</span></p>","variant":"p","gridArea":"Col1","position":{"left":240,"top":109,"leftUnit":"px","topUnit":"px","right":"","bottom":"","transform":""},"isHidden":false,"isHTML":true},"styleRef":"e482","md":{"isHidden":true},"sm":{"isHidden":true}},"children":[],"parent":"s286"},"e450":{"type":"Typography","props":{"lg":{"text":"Welcome to Golf Country Club Lorem ipsum dolor sit amet, consectetur adipiscing elit, sed do eiusmod tempor incididunt ut labore et dolore magna aliqua. Ut enim ad minim veniam, quis nostrud exercitation ullamco laboris nisi ut aliquip ex ea commodo consequat. Duis aute irure dolor in reprehenderit in voluptate velit esse cillum dolore eu fugiat nulla pariatur. Excepteur sint occaecat cupidatat non proident, sunt in culpa qui officia deserunt mollit anim id est laborum.","variant":"p","gridArea":"Col1","position":{"left":1,"top":106,"leftUnit":"px","topUnit":"px","right":"unset","bottom":"","rightUnit":"px"},"isHidden":false,"isHTML":false},"styleRef":"e450"},"children":[],"parent":"s449"},"e461":{"type":"Typography","props":{"lg":{"text":"The Country Club for you!","variant":"h1","gridArea":"Col1","position":{"left":1,"top":52,"leftUnit":"px","topUnit":"px","right":"unset","bottom":"","rightUnit":"px"},"isHidden":false},"styleRef":"e461"},"children":[],"parent":"s449"},"e451":{"type":"Typography","props":{"lg":{"text":"<p><span style=\"font-size: 22px; line-height: 26px; color: #ffffff;\">Lorem ipsum dolor sit amet, consectetur adipiscing elit, sed do eiusmod tempor incididunt ut labore et dolore magna aliqua. Ut enim ad minim veniam, quis nostrud exercitation ullamco laboris nisi ut aliquip ex ea commodo consequat. </span></p>","variant":"p","gridArea":"","position":{"left":"44","top":231,"leftUnit":"px","topUnit":"px","right":"","bottom":"","transform":""},"isHidden":false,"isHTML":true},"styleRef":"e451"},"children":[],"parent":"e428"},"e452":{"type":"Typography","props":{"lg":{"text":"Coolest Swimming Pools","variant":"title","position":{"left":"50","top":478,"leftUnit":"%","topUnit":"px","right":"unset","bottom":"","transform":"translateX(-50%)","rightUnit":""},"isHidden":false},"styleRef":"e452"},"children":[],"parent":"e428"},"e496":{"type":"Section","props":{"lg":{"gridArea":"Col1","position":{"left":983,"top":17,"leftUnit":"px","topUnit":"px","right":"","bottom":"","transform":""},"isHidden":false},"styleRef":"e496","tag":"LinksContainer","isInvisibleByDefault":false},"children":["e497","e500","e501","e503","e505"],"parent":"s449"},"e530":{"type":"Typography","props":{"lg":{"text":"Golf Courses","variant":"caption","gridArea":"","position":{"left":10,"top":187,"leftUnit":"px","topUnit":"px","right":"unset","bottom":"","rightUnit":"px"},"isHidden":false},"styleRef":"e530"},"children":[],"parent":"e528"},"e541":{"type":"Typography","props":{"lg":{"text":"We have it All!","variant":"h1","gridArea":"Col1","position":{"left":3,"top":47,"leftUnit":"px","topUnit":"px","right":"","bottom":"","rightUnit":"px","transform":""},"isHidden":false},"styleRef":"e541"},"children":[],"parent":"s540"},"e497":{"type":"Typography","props":{"lg":{"text":"Hi there member! Thanks for logging in!","variant":"title","gridArea":"","position":{"left":14,"top":231,"leftUnit":"px","topUnit":"px","right":"","bottom":"","transform":""},"isHidden":false},"styleRef":"e497"},"children":[],"parent":"e496"},"e520":{"type":"Image","props":{"lg":{"src":"https://d3255hq6rclyj1.cloudfront.net/609e58cdb35e02203a53a8aa_ftusergal_.jpg","alt":"","gridArea":"Col1","position":{"left":10,"top":9,"leftUnit":"px","topUnit":"px","right":"unset","bottom":"","rightUnit":"px"},"isHidden":false},"styleRef":"e520"},"children":[],"parent":"e519"},"e531":{"type":"Typography","props":{"lg":{"text":"Duis aute irure dolor in dfdgh sse&nbsp;reprehenderit in voluptate velit .","variant":"p","position":{"left":10,"top":220,"leftUnit":"px","topUnit":"px","right":"unset","bottom":"","rightUnit":"px"},"isHidden":false,"isHTML":false},"styleRef":"e531"},"children":[],"parent":"e528"},"e454":{"type":"Typography","props":{"lg":{"text":"Most Fasionable Restaurants","variant":"title","position":{"left":"50","top":"478","leftUnit":"%","topUnit":"px","right":"unset","bottom":"","transform":"translateX(-50%)","rightUnit":""},"isHidden":false},"styleRef":"e454"},"children":[],"parent":"e428"},"e510":{"type":"Typography","props":{"lg":{"text":"Duis aute irure dolor in dfdgh sse&nbsp;reprehenderit in voluptate velit .","variant":"p","position":{"left":10,"top":220,"leftUnit":"px","topUnit":"px","right":"unset","bottom":"","rightUnit":"px"},"isHidden":false,"isHTML":false},"styleRef":"e510"},"children":[],"parent":"e508"},"e521":{"type":"Typography","props":{"lg":{"text":"Restaurants","variant":"caption","gridArea":"","position":{"left":10,"top":187,"leftUnit":"px","topUnit":"px","right":"unset","bottom":"","rightUnit":"px"},"isHidden":false},"styleRef":"e521"},"children":[],"parent":"e519"},"e532":{"type":"Section","props":{"lg":{"position":{"left":672,"top":37,"leftUnit":"px","topUnit":"px","right":"","bottom":"","transform":""},"isHidden":false,"gridArea":"Col1"},"styleRef":"e532"},"children":["e533","e534","e535"],"parent":"s523"},"e455":{"type":"Typography","props":{"lg":{"text":"Most picturesque Horse Back Riding Classes","variant":"title","position":{"left":114,"top":480,"leftUnit":"px","topUnit":"px","right":"","bottom":"","transform":"","rightUnit":""},"isHidden":false},"styleRef":"e455"},"children":[],"parent":"e428"},"e500":{"type":"Button","props":{"lg":{"text":"View Your Cases","gridArea":"","variant":"primary","position":{"left":21,"top":369,"leftUnit":"px","topUnit":"px","right":"","bottom":"","transform":""},"isHidden":false},"target":"self","customURL":"","type":"redirect","redirect":{"label":"Other","value":"other"},"styleRef":"e500"},"children":[],"parent":"e496"},"e511":{"type":"Section","props":{"lg":{"position":{"left":338,"top":18,"leftUnit":"px","topUnit":"px","right":"","bottom":"","transform":""},"isHidden":false,"gridArea":"Col1"},"styleRef":"e511"},"children":["e512","e513","e514"],"parent":"s462"},"e522":{"type":"Typography","props":{"lg":{"text":"Duis aute irure dolor in dfdgh sse&nbsp;reprehenderit in voluptate velit .","variant":"p","position":{"left":10,"top":220,"leftUnit":"px","topUnit":"px","right":"unset","bottom":"","rightUnit":"px"},"isHidden":false,"isHTML":false},"styleRef":"e522"},"children":[],"parent":"e519"},"e533":{"type":"Image","props":{"lg":{"src":"https://d3255hq6rclyj1.cloudfront.net/609e5cbcb35e02203a53a8af_ftusergal_.jpg","alt":"","gridArea":"Col1","position":{"left":10,"top":9,"leftUnit":"px","topUnit":"px","right":"unset","bottom":"","rightUnit":"px"},"isHidden":false},"styleRef":"e533"},"children":[],"parent":"e532"},"e456":{"type":"Typography","props":{"lg":{"text":"Best Tennis Instructors","variant":"title","position":{"left":"50","top":"478","leftUnit":"%","topUnit":"px","right":"unset","bottom":"","transform":"translateX(-50%)","rightUnit":""},"isHidden":false},"styleRef":"e456"},"children":[],"parent":"e428"},"e501":{"type":"Button","props":{"lg":{"text":"View Your Orders","gridArea":"","variant":"primary","position":{"left":179,"top":368,"leftUnit":"px","topUnit":"px","right":"","bottom":"","transform":""},"isHidden":false},"target":"self","customURL":"","type":"redirect","redirect":{"label":"Other","value":"other"},"styleRef":"e501"},"children":[],"parent":"e496"},"e512":{"type":"Image","props":{"lg":{"src":"https://d3255hq6rclyj1.cloudfront.net/609e5895b35e02203a53a8a8_ftusergal_.jpg","alt":"","gridArea":"Col1","position":{"left":10,"top":9,"leftUnit":"px","topUnit":"px","right":"unset","bottom":"","rightUnit":"px"},"isHidden":false},"styleRef":"e512"},"children":[],"parent":"e511"},"e534":{"type":"Typography","props":{"lg":{"text":"Poker Sessions","variant":"caption","gridArea":"","position":{"left":11,"top":187,"leftUnit":"px","topUnit":"px","right":"","bottom":"","rightUnit":"px","transform":""},"isHidden":false},"styleRef":"e534"},"children":[],"parent":"e532"},"e513":{"type":"Typography","props":{"lg":{"text":"Horse Back-riding  Classes","variant":"caption","gridArea":"","position":{"left":10,"top":187,"leftUnit":"px","topUnit":"px","right":"unset","bottom":"","rightUnit":"px"},"isHidden":false},"styleRef":"e513"},"children":[],"parent":"e511"},"e524":{"type":"Section","props":{"lg":{"gridArea":"Col1","position":{"left":2,"top":35,"leftUnit":"px","topUnit":"px","right":"","bottom":"","transform":""},"isHidden":false},"styleRef":"e524"},"children":["e525","e526","e527"],"parent":"s523"},"e535":{"type":"Typography","props":{"lg":{"text":"Duis aute irure dolor in dfdgh sse&nbsp;reprehenderit in voluptate velit .","variant":"p","position":{"left":10,"top":220,"leftUnit":"px","topUnit":"px","right":"unset","bottom":"","rightUnit":"px"},"isHidden":false,"isHTML":false},"styleRef":"e535"},"children":[],"parent":"e532"},"e503":{"type":"Image","props":{"lg":{"src":"https://d3255hq6rclyj1.cloudfront.net/609e3aa11890b2186d69ad6d_ftusergal_.jpg","alt":"","gridArea":"Col1","position":{"left":0,"top":0,"leftUnit":"px","topUnit":"px","right":"","bottom":"","transform":""},"isHidden":false},"styleRef":"e503"},"children":[],"parent":"e496"},"e514":{"type":"Typography","props":{"lg":{"text":"Duis aute irure dolor in dfdgh sse&nbsp;reprehenderit in voluptate velit .","variant":"p","position":{"left":10,"top":220,"leftUnit":"px","topUnit":"px","right":"unset","bottom":"","rightUnit":"px"},"isHidden":false,"isHTML":false},"styleRef":"e514"},"children":[],"parent":"e511"},"e525":{"type":"Image","props":{"lg":{"src":"https://d3255hq6rclyj1.cloudfront.net/609e5c71b35e02203a53a8ad_ftusergal_.jpg","alt":"","gridArea":"Col1","position":{"left":10,"top":9,"leftUnit":"px","topUnit":"px","right":"unset","bottom":"","rightUnit":"px"},"isHidden":false},"styleRef":"e525"},"children":[],"parent":"e524"},"e536":{"type":"Section","props":{"lg":{"position":{"left":1006,"top":36,"leftUnit":"px","topUnit":"px","right":"","bottom":"","transform":""},"isHidden":false,"gridArea":"Col1"},"styleRef":"e536"},"children":["e537","e538","e539"],"parent":"s523"},"e448":{"type":"Typography","props":{"lg":{"text":"Unrivalled Golf Courses","variant":"title","gridArea":"","position":{"left":45,"top":157,"leftUnit":"px","topUnit":"px","right":"","bottom":"","transform":"","rightUnit":""},"isHidden":false},"styleRef":"e448"},"children":[],"parent":"e428"},"e459":{"type":"SmartVLoginForm","props":{"lg":{"gridArea":"Col1","position":{"left":1021,"top":26,"leftUnit":"px","topUnit":"px","right":"","bottom":"","transform":""},"isHidden":false},"styleRef":"e459","captions":{"Verification Description":"Verification code"}},"children":[],"parent":"s449"},"e515":{"type":"Section","props":{"lg":{"position":{"left":672,"top":19,"leftUnit":"px","topUnit":"px","right":"","bottom":"","transform":""},"isHidden":false,"gridArea":"Col1"},"styleRef":"e515"},"children":["e516","e517","e518"],"parent":"s462"},"e526":{"type":"Typography","props":{"lg":{"text":"Swimming Pools","variant":"caption","gridArea":"","position":{"left":10,"top":187,"leftUnit":"px","topUnit":"px","right":"unset","bottom":"","rightUnit":"px"},"isHidden":false},"styleRef":"e526"},"children":[],"parent":"e524"},"e537":{"type":"Image","props":{"lg":{"src":"https://d3255hq6rclyj1.cloudfront.net/609e5e31b35e02203a53a8b1_ftusergal_.jpg","alt":"","gridArea":"Col1","position":{"left":10,"top":9,"leftUnit":"px","topUnit":"px","right":"unset","bottom":"","rightUnit":"px"},"isHidden":false},"styleRef":"e537"},"children":[],"parent":"e536"},"e505":{"type":"Typography","props":{"lg":{"text":"Magna aliqua. Ut enim ad minim veniam, quis nostrud exercitation ullamco laboris nisi ut esse cillum dolore eu fugiat nulla pariatur.","variant":"title","position":{"left":14,"top":271,"leftUnit":"px","topUnit":"px","right":"","bottom":"","transform":""},"isHidden":false},"styleRef":"e505"},"children":[],"parent":"e496"},"e516":{"type":"Image","props":{"lg":{"src":"https://d3255hq6rclyj1.cloudfront.net/609e58b5b35e02203a53a8a9_ftusergal_.jpg","alt":"","gridArea":"Col1","position":{"left":10,"top":9,"leftUnit":"px","topUnit":"px","right":"unset","bottom":"","rightUnit":"px"},"isHidden":false},"styleRef":"e516"},"children":[],"parent":"e515"},"e527":{"type":"Typography","props":{"lg":{"text":"Duis aute irure dolor in dfdgh sse&nbsp;reprehenderit in voluptate velit .","variant":"p","position":{"left":10,"top":220,"leftUnit":"px","topUnit":"px","right":"unset","bottom":"","rightUnit":"px"},"isHidden":false,"isHTML":false},"styleRef":"e527"},"children":[],"parent":"e524"},"e538":{"type":"Typography","props":{"lg":{"text":"Events","variant":"caption","gridArea":"","position":{"left":10,"top":187,"leftUnit":"px","topUnit":"px","right":"unset","bottom":"","rightUnit":"px"},"isHidden":false},"styleRef":"e538"},"children":[],"parent":"e536"},"e428":{"type":"CarouselContainer","props":{"lg":{"value":"step429","tabs":[{"id":"step429","label":"Step 1","children":["e432","e441","e447","e448","e451","e487","e493"]},{"id":"step430","label":"Step 2","children":["e443","e452","e453"]},{"id":"step431","label":"Step 3","children":["e444","e454"]},{"label":"Item 4","value":"key4","id":"94fb0b32-4407-4a57-add7-b518007c6a35","children":["e444","e455"]},{"label":"Item 5","value":"key5","id":"ca243dc3-6a12-40be-8f08-864d92a6ce2e","children":["e445","e456"]}],"gridArea":"Col1","position":{"left":-524,"leftUnit":"px","bottom":"","transform":"","allowFullWidth":true,"top":3,"zIndex":1,"topUnit":"px","right":""},"isHidden":false},"md":{"tabs":[]},"sm":{"tabs":[]},"xs":{"tabs":[]},"ss":{"tabs":[]},"styleRef":"e428"},"children":["e448","e451","e452","e454","e455","e456"],"parent":"s286"},"e506":{"type":"Typography","props":{"lg":{"text":"Duis aute irure dolor in reprehenderit in voluptate velit esse cillum dolore eu fugiat nulla pariatur. Excepteur sint occaecat cupidatat non proident, sunt in culpa qui officia deserunt mollit anim id est laborum.","variant":"p","gridArea":"Col1","position":{"left":1,"top":327,"leftUnit":"px","topUnit":"px","right":"unset","bottom":"","rightUnit":"px"},"isHidden":false,"isHTML":false},"styleRef":"e506"},"children":[],"parent":"s449"},"e517":{"type":"Typography","props":{"lg":{"text":"Tennis Classes","variant":"caption","gridArea":"","position":{"left":10,"top":187,"leftUnit":"px","topUnit":"px","right":"unset","bottom":"","rightUnit":"px"},"isHidden":false},"styleRef":"e517"},"children":[],"parent":"e515"},"e528":{"type":"Section","props":{"lg":{"position":{"left":338,"top":36,"leftUnit":"px","topUnit":"px","right":"","bottom":"","transform":""},"isHidden":false,"gridArea":"Col1"},"styleRef":"e528"},"children":["e529","e530","e531"],"parent":"s523"},"e539":{"type":"Typography","props":{"lg":{"text":"Duis aute irure dolor in dfdgh sse&nbsp;reprehenderit in voluptate velit .","variant":"p","position":{"left":10,"top":220,"leftUnit":"px","topUnit":"px","right":"unset","bottom":"","rightUnit":"px"},"isHidden":false,"isHTML":false},"styleRef":"e539"},"children":[],"parent":"e536"},"e507":{"type":"Image","props":{"lg":{"src":"https://d3255hq6rclyj1.cloudfront.net/609e466a1890b2186d69ad77_ftusergal_.jpg","alt":"","gridArea":"Col1","position":{"left":10,"top":9,"leftUnit":"px","topUnit":"px","right":"unset","bottom":"","rightUnit":"px"},"isHidden":false},"styleRef":"e507"},"children":[],"parent":"e508"},"e518":{"type":"Typography","props":{"lg":{"text":"Duis aute irure dolor in dfdgh sse&nbsp;reprehenderit in voluptate velit .","variant":"p","position":{"left":10,"top":220,"leftUnit":"px","topUnit":"px","right":"unset","bottom":"","rightUnit":"px"},"isHidden":false,"isHTML":false},"styleRef":"e518"},"children":[],"parent":"e515"},"e529":{"type":"Image","props":{"lg":{"src":"https://d3255hq6rclyj1.cloudfront.net/609e5cabb35e02203a53a8ae_ftusergal_.jpg","alt":"","gridArea":"Col1","position":{"left":10,"top":9,"leftUnit":"px","topUnit":"px","right":"unset","bottom":"","rightUnit":"px"},"isHidden":false},"styleRef":"e529"},"children":[],"parent":"e528"},"e508":{"type":"Section","props":{"lg":{"gridArea":"Col1","position":{"left":2,"top":17,"leftUnit":"px","topUnit":"px","right":"","bottom":"","transform":""},"isHidden":false},"styleRef":"e508"},"children":["e507","e509","e510"],"parent":"s462"},"e519":{"type":"Section","props":{"lg":{"position":{"left":1006,"top":18,"leftUnit":"px","topUnit":"px","right":"","bottom":"","transform":""},"isHidden":false,"gridArea":"Col1"},"styleRef":"e519"},"children":["e520","e521","e522"],"parent":"s462"},"e509":{"type":"Typography","props":{"lg":{"text":"Yoga Classes","variant":"caption","gridArea":"","position":{"left":10,"top":187,"leftUnit":"px","topUnit":"px","right":"unset","bottom":"","rightUnit":"px"},"isHidden":false},"styleRef":"e509"},"children":[],"parent":"e508"},"s462":{"type":"Strip","props":{"styleRef":"s462"},"children":["e508","e511","e515","e519"],"parent":null},"s286":{"type":"Strip","props":{"styleRef":"s286"},"children":["e428","e482"],"parent":null},"s540":{"type":"Strip","props":{"styleRef":"s540"},"children":["e541"],"parent":null}},"Grid":["s286","s449","s540","s462","s523"],"styles":{"s523":{"type":"Strip","lg":{"columns":1,"rows":1,"areas":[["Col1"]],"root":{"minHeight":433,"height":"auto","backgroundColor":"#efefdbff"},"row0":433,"row0Unit":"px"}},"s449":{"type":"Strip","lg":{"columns":1,"rows":1,"areas":[["Col1"]],"root":{"minHeight":478,"backgroundImage":"https://d3255hq6rclyj1.cloudfront.net/60994681af27f03794f40d3b_ftusergal_.png","backgroundSize":"cover","backgroundPosition":"center center"},"row0":412,"row0Unit":"px"}},"e460":{"lg":{"root":{"color":"#989898ff","width":845,"height":"auto","alignSelf":"flex-start"}},"type":"Typography"},"e482":{"lg":{"root":{"width":91.5,"height":"auto"}},"type":"Typography"},"e450":{"lg":{"root":{"color":"#989898ff","width":865,"height":144,"alignSelf":"flex-start"}},"type":"Typography"},"e461":{"lg":{"root":{"width":818,"height":40,"fontSize":"26px","minWidth":818,"minHeight":40,"lineHeight":33,"alignSelf":"flex-start"}},"type":"Typography"},"e451":{"lg":{"root":{"width":435,"height":156}},"type":"Typography"},"e452":{"lg":{"root":{"color":"#ffffffff","width":622,"height":78,"fontSize":"46px","textAlign":"center","minHeight":78,"lineHeight":59}},"type":"Typography"},"e496":{"lg":{"root":{"borderStyle":"solid","width":"362","height":"442","backgroundColor":"#ffffffff","borderWidth":"0"}},"type":"Section"},"e530":{"lg":{"root":{"width":236,"height":23,"fontSize":"18px","lineHeight":23,"alignSelf":"flex-start"}},"type":"Typography"},"e541":{"lg":{"root":{"width":818,"height":40,"fontSize":"26px","minWidth":818,"minHeight":40,"lineHeight":33}},"type":"Typography"},"e497":{"lg":{"root":{"width":340,"height":48,"fontWeight":"normal","fontSize":"18px","minWidth":340,"minHeight":48,"lineHeight":23}},"type":"Typography"},"e520":{"lg":{"root":{"width":"250","height":166,"alignSelf":"flex-start"}},"type":"Image"},"e531":{"lg":{"root":{"color":"#989898ff","width":248.5,"height":82,"minHeight":82,"alignSelf":"flex-start"}},"type":"Typography"},"e454":{"lg":{"root":{"color":"#ffffffff","width":622,"height":78,"fontSize":"46px","textAlign":"center","minHeight":78,"lineHeight":59}},"type":"Typography"},"e510":{"lg":{"root":{"color":"#989898ff","width":248.5,"height":82,"minHeight":82,"alignSelf":"flex-start"}},"type":"Typography"},"e521":{"lg":{"root":{"width":236,"height":23,"fontSize":"18px","lineHeight":23,"alignSelf":"flex-start"}},"type":"Typography"},"e532":{"lg":{"root":{"shadow":[{"x":"5","y":"5","blur":"5","spread":"2","color":"#928f8f33"}],"borderStyle":"solid","width":274,"height":320,"backgroundColor":"#ffffffff","minHeight":320,"borderWidth":"0"}},"type":"Section"},"e455":{"lg":{"root":{"color":"#ffffffff","width":1136,"height":118,"fontSize":"46px","textAlign":"center","minHeight":78,"lineHeight":59}},"type":"Typography"},"e500":{"lg":{"root":{"width":148,"height":"42","fontSize":"16px","backgroundColor":"#6a9405b3"},"rootHover":{"backgroundColor":"#6a9405b3","fontSize":"16px","lineHeight":20},"rootActive":{"backgroundColor":"#6a9405b3","fontSize":"16px","lineHeight":20}},"type":"Button"},"e511":{"lg":{"root":{"shadow":[{"x":"5","y":"5","blur":"5","spread":"2","color":"#928f8f33"}],"borderStyle":"solid","width":274,"height":320,"backgroundColor":"#ffffffff","minHeight":320,"borderWidth":"0"}},"type":"Section"},"e522":{"lg":{"root":{"color":"#989898ff","width":248.5,"height":82,"minHeight":82,"alignSelf":"flex-start"}},"type":"Typography"},"e533":{"lg":{"root":{"width":"250","height":166,"alignSelf":"flex-start"}},"type":"Image"},"e456":{"lg":{"root":{"color":"#ffffffff","width":684.5,"height":78,"fontSize":"46px","textAlign":"center","minHeight":78,"lineHeight":59}},"type":"Typography"},"e501":{"lg":{"root":{"width":157,"height":"42","fontSize":"16px","backgroundColor":"#6a9405b3"},"rootHover":{"backgroundColor":"#6a9405b3","fontSize":"16px","lineHeight":20},"rootActive":{"backgroundColor":"#6a9405b3","fontSize":"16px","lineHeight":20}},"type":"Button"},"e512":{"lg":{"root":{"width":"250","height":166,"alignSelf":"flex-start"}},"type":"Image"},"e534":{"lg":{"root":{"width":236,"height":23,"fontSize":"18px","lineHeight":23}},"type":"Typography"},"e513":{"lg":{"root":{"width":236,"height":23,"fontSize":"18px","lineHeight":23,"alignSelf":"flex-start"}},"type":"Typography"},"e524":{"lg":{"root":{"shadow":[{"x":"5","y":"5","blur":"5","spread":"2","color":"#928f8f33"}],"borderStyle":"solid","width":274,"height":320,"backgroundColor":"#ffffffff","minHeight":320,"borderWidth":"0"}},"type":"Section"},"e535":{"lg":{"root":{"color":"#989898ff","width":248.5,"height":82,"minHeight":82,"alignSelf":"flex-start"}},"type":"Typography"},"e503":{"lg":{"root":{"width":362.5,"height":210,"minWidth":362.5,"minHeight":210}},"type":"Image"},"e514":{"lg":{"root":{"color":"#989898ff","width":248.5,"height":82,"minHeight":82,"alignSelf":"flex-start"}},"type":"Typography"},"e525":{"lg":{"root":{"width":"250","height":166,"alignSelf":"flex-start"}},"type":"Image"},"e536":{"lg":{"root":{"shadow":[{"x":"5","y":"5","blur":"5","spread":"2","color":"#928f8f33"}],"borderStyle":"solid","width":274,"height":320,"backgroundColor":"#ffffffff","minHeight":320,"borderWidth":"0"}},"type":"Section"},"e448":{"lg":{"root":{"color":"#ffffffff","width":612,"height":78,"fontSize":"46px","textAlign":"left","minHeight":78,"lineHeight":59}},"type":"Typography"},"e459":{"lg":{"root":{"width":338,"height":"auto"},"buttonContinue":{"backgroundColor":"#afb530ff","borderRadius":"0","borderStyle":"solid"},"title":{"fontSize":"18px","lineHeight":23}},"type":"SmartVLoginForm"},"e515":{"lg":{"root":{"shadow":[{"x":"5","y":"5","blur":"5","spread":"2","color":"#928f8f33"}],"borderStyle":"solid","width":274,"height":320,"backgroundColor":"#ffffffff","minHeight":320,"borderWidth":"0"}},"type":"Section"},"e526":{"lg":{"root":{"width":236,"height":23,"fontSize":"18px","lineHeight":23,"alignSelf":"flex-start"}},"type":"Typography"},"e537":{"lg":{"root":{"width":"250","height":166,"alignSelf":"flex-start"}},"type":"Image"},"e505":{"lg":{"root":{"width":340,"height":79,"fontWeight":"normal","fontSize":"16px","minWidth":340,"lineHeight":20}},"type":"Typography"},"e516":{"lg":{"root":{"width":"250","height":166,"alignSelf":"flex-start"}},"type":"Image"},"e527":{"lg":{"root":{"color":"#989898ff","width":248.5,"height":82,"minHeight":82,"alignSelf":"flex-start"}},"type":"Typography"},"e538":{"lg":{"root":{"width":236,"height":23,"fontSize":"18px","lineHeight":23,"alignSelf":"flex-start"}},"type":"Typography"},"e428":{"lg":{"root":{"width":"575","height":618,"minHeight":618},"pointItem":{"width":"15","height":"15"},"step430":{"height":618,"backgroundImage":"https://d3255hq6rclyj1.cloudfront.net/6097bedbcb35e53126150bbe_ftusergal_.jpg"},"step431":{"height":618,"backgroundImage":"https://d3255hq6rclyj1.cloudfront.net/6097befacb35e53126150bc3_ftusergal_.jpg"},"94fb0b32-4407-4a57-add7-b518007c6a35":{"backgroundImage":"https://d3255hq6rclyj1.cloudfront.net/6097bfb2cb35e53126150bcd_ftusergal_.jpg","height":618},"ca243dc3-6a12-40be-8f08-864d92a6ce2e":{"height":618,"backgroundImage":"https://d3255hq6rclyj1.cloudfront.net/6097bfcdcb35e53126150bcf_ftusergal_.jpg"},"step429":{"height":618,"backgroundRepeat":"no-repeat","backgroundImage":"https://d3255hq6rclyj1.cloudfront.net/6097bec8cb35e53126150bbd_ftusergal_.jpg","backgroundSize":"cover"},"pointRoot":{"paddingBottom":"20"},"pointItemSel":{"backgroundColor":"#2b1d1dff"},"content":{"width":"575","height":"300"}},"type":"CarouselContainer"},"e506":{"lg":{"root":{"color":"#989898ff","width":865,"height":76,"alignSelf":"flex-start"}},"type":"Typography"},"e517":{"lg":{"root":{"width":236,"height":23,"fontSize":"18px","lineHeight":23,"alignSelf":"flex-start"}},"type":"Typography"},"e528":{"lg":{"root":{"shadow":[{"x":"5","y":"5","blur":"5","spread":"2","color":"#928f8f33"}],"borderStyle":"solid","width":274,"height":320,"backgroundColor":"#ffffffff","minHeight":320,"borderWidth":"0"}},"type":"Section"},"e539":{"lg":{"root":{"color":"#989898ff","width":248.5,"height":82,"minHeight":82,"alignSelf":"flex-start"}},"type":"Typography"},"e507":{"lg":{"root":{"width":"250","height":166,"alignSelf":"flex-start"}},"type":"Image"},"e518":{"lg":{"root":{"color":"#989898ff","width":248.5,"height":82,"minHeight":82,"alignSelf":"flex-start"}},"type":"Typography"},"e529":{"lg":{"root":{"width":"250","height":166,"alignSelf":"flex-start"}},"type":"Image"},"e508":{"lg":{"root":{"shadow":[{"x":"5","y":"5","blur":"5","spread":"2","color":"#928f8f33"}],"borderStyle":"solid","width":274,"height":320,"backgroundColor":"#ffffffff","minHeight":320,"borderWidth":"0"}},"type":"Section"},"e519":{"lg":{"root":{"shadow":[{"x":"5","y":"5","blur":"5","spread":"2","color":"#928f8f33"}],"borderStyle":"solid","width":274,"height":320,"backgroundColor":"#ffffffff","minHeight":320,"borderWidth":"0"}},"type":"Section"},"e509":{"lg":{"root":{"width":236,"height":23,"fontSize":"18px","lineHeight":23,"alignSelf":"flex-start"}},"type":"Typography"},"s462":{"type":"Strip","lg":{"columns":1,"rows":1,"areas":[["Col1"]],"root":{"minHeight":364,"height":"auto","backgroundColor":"#efefdbff"},"row0":364,"row0Unit":"px"}},"s286":{"type":"Strip","lg":{"columns":1,"rows":1,"areas":[["Col1"]],"root":{"minHeight":622,"backgroundImage":"'none'","height":"auto"},"row0":689,"row0Unit":"px"}},"s540":{"type":"Strip","lg":{"columns":1,"rows":1,"areas":[["Col1"]],"root":{"minHeight":90,"height":"auto","backgroundColor":"#efefdbff"},"row0":90,"row0Unit":"px"}}}},"UserID":236090,"__v":0,"URL":"ft4b4414ef06a64fbd885bbe257c8ac576","CreatedAt":"2021-05-19T14:53:14.689Z","PublishProps":{"elements":{"s523":{"type":"Strip","props":{"styleRef":"s523"},"children":["e524","e528","e532","e536"],"parent":null},"s449":{"type":"Strip","props":{"styleRef":"s449"},"children":["e450","e459","e460","e461","e496","e506"],"parent":null},"e460":{"type":"Typography","props":{"lg":{"text":"Duis aute irure dolor in reprehenderit in voluptate velit esse cillum dolore eu fugiat nulla pariatur. Excepteur sint occaecat cupidatat non proident, sunt in culpa qui officia deserunt mollit anim id est laborum.","variant":"p","gridArea":"Col1","position":{"left":1,"top":258,"leftUnit":"px","topUnit":"px","right":"unset","bottom":"","rightUnit":"px"},"isHidden":false,"isHTML":false},"styleRef":"e460"},"children":[],"parent":"s449"},"e482":{"type":"Typography","props":{"lg":{"text":"<p><span style=\"color: #ffffff;\">Address:&nbsp;</span><br /><span style=\"color: #ffffff;\">Phone:</span><br /><span style=\"color: #ffffff;\">Fax:&nbsp;</span><br /><span style=\"color: #ffffff;\">Email:&nbsp;</span></p>","variant":"p","gridArea":"Col1","position":{"left":240,"top":109,"leftUnit":"px","topUnit":"px","right":"","bottom":"","transform":""},"isHidden":false,"isHTML":true},"styleRef":"e482","md":{"isHidden":true},"sm":{"isHidden":true}},"children":[],"parent":"s286"},"e450":{"type":"Typography","props":{"lg":{"text":"Welcome to Golf Country Club Lorem ipsum dolor sit amet, consectetur adipiscing elit, sed do eiusmod tempor incididunt ut labore et dolore magna aliqua. Ut enim ad minim veniam, quis nostrud exercitation ullamco laboris nisi ut aliquip ex ea commodo consequat. Duis aute irure dolor in reprehenderit in voluptate velit esse cillum dolore eu fugiat nulla pariatur. Excepteur sint occaecat cupidatat non proident, sunt in culpa qui officia deserunt mollit anim id est laborum.","variant":"p","gridArea":"Col1","position":{"left":1,"top":106,"leftUnit":"px","topUnit":"px","right":"unset","bottom":"","rightUnit":"px"},"isHidden":false,"isHTML":false},"styleRef":"e450"},"children":[],"parent":"s449"},"e461":{"type":"Typography","props":{"lg":{"text":"The Country Club for you!","variant":"h1","gridArea":"Col1","position":{"left":1,"top":52,"leftUnit":"px","topUnit":"px","right":"unset","bottom":"","rightUnit":"px"},"isHidden":false},"styleRef":"e461"},"children":[],"parent":"s449"},"e451":{"type":"Typography","props":{"lg":{"text":"<p><span style=\"font-size: 22px; line-height: 26px; color: #ffffff;\">Lorem ipsum dolor sit amet, consectetur adipiscing elit, sed do eiusmod tempor incididunt ut labore et dolore magna aliqua. Ut enim ad minim veniam, quis nostrud exercitation ullamco laboris nisi ut aliquip ex ea commodo consequat. </span></p>","variant":"p","gridArea":"","position":{"left":"44","top":231,"leftUnit":"px","topUnit":"px","right":"","bottom":"","transform":""},"isHidden":false,"isHTML":true},"styleRef":"e451"},"children":[],"parent":"e428"},"e452":{"type":"Typography","props":{"lg":{"text":"Coolest Swimming Pools","variant":"title","position":{"left":"50","top":478,"leftUnit":"%","topUnit":"px","right":"unset","bottom":"","transform":"translateX(-50%)","rightUnit":""},"isHidden":false},"styleRef":"e452"},"children":[],"parent":"e428"},"e496":{"type":"Section","props":{"lg":{"gridArea":"Col1","position":{"left":983,"top":17,"leftUnit":"px","topUnit":"px","right":"","bottom":"","transform":""},"isHidden":false},"styleRef":"e496","tag":"LinksContainer","isInvisibleByDefault":false},"children":["e497","e500","e501","e503","e505"],"parent":"s449"},"e530":{"type":"Typography","props":{"lg":{"text":"Golf Courses","variant":"caption","gridArea":"","position":{"left":10,"top":187,"leftUnit":"px","topUnit":"px","right":"unset","bottom":"","rightUnit":"px"},"isHidden":false},"styleRef":"e530"},"children":[],"parent":"e528"},"e541":{"type":"Typography","props":{"lg":{"text":"We have it All!","variant":"h1","gridArea":"Col1","position":{"left":3,"top":47,"leftUnit":"px","topUnit":"px","right":"","bottom":"","rightUnit":"px","transform":""},"isHidden":false},"styleRef":"e541"},"children":[],"parent":"s540"},"e497":{"type":"Typography","props":{"lg":{"text":"Hi there member! Thanks for logging in!","variant":"title","gridArea":"","position":{"left":14,"top":231,"leftUnit":"px","topUnit":"px","right":"","bottom":"","transform":""},"isHidden":false},"styleRef":"e497"},"children":[],"parent":"e496"},"e520":{"type":"Image","props":{"lg":{"src":"https://d3255hq6rclyj1.cloudfront.net/609e58cdb35e02203a53a8aa_ftusergal_.jpg","alt":"","gridArea":"Col1","position":{"left":10,"top":9,"leftUnit":"px","topUnit":"px","right":"unset","bottom":"","rightUnit":"px"},"isHidden":false},"styleRef":"e520"},"children":[],"parent":"e519"},"e531":{"type":"Typography","props":{"lg":{"text":"Duis aute irure dolor in dfdgh sse&nbsp;reprehenderit in voluptate velit .","variant":"p","position":{"left":10,"top":220,"leftUnit":"px","topUnit":"px","right":"unset","bottom":"","rightUnit":"px"},"isHidden":false,"isHTML":false},"styleRef":"e531"},"children":[],"parent":"e528"},"e454":{"type":"Typography","props":{"lg":{"text":"Most Fasionable Restaurants","variant":"title","position":{"left":"50","top":"478","leftUnit":"%","topUnit":"px","right":"unset","bottom":"","transform":"translateX(-50%)","rightUnit":""},"isHidden":false},"styleRef":"e454"},"children":[],"parent":"e428"},"e510":{"type":"Typography","props":{"lg":{"text":"Duis aute irure dolor in dfdgh sse&nbsp;reprehenderit in voluptate velit .","variant":"p","position":{"left":10,"top":220,"leftUnit":"px","topUnit":"px","right":"unset","bottom":"","rightUnit":"px"},"isHidden":false,"isHTML":false},"styleRef":"e510"},"children":[],"parent":"e508"},"e521":{"type":"Typography","props":{"lg":{"text":"Restaurants","variant":"caption","gridArea":"","position":{"left":10,"top":187,"leftUnit":"px","topUnit":"px","right":"unset","bottom":"","rightUnit":"px"},"isHidden":false},"styleRef":"e521"},"children":[],"parent":"e519"},"e532":{"type":"Section","props":{"lg":{"position":{"left":672,"top":37,"leftUnit":"px","topUnit":"px","right":"","bottom":"","transform":""},"isHidden":false,"gridArea":"Col1"},"styleRef":"e532"},"children":["e533","e534","e535"],"parent":"s523"},"e455":{"type":"Typography","props":{"lg":{"text":"Most picturesque Horse Back Riding Classes","variant":"title","position":{"left":114,"top":480,"leftUnit":"px","topUnit":"px","right":"","bottom":"","transform":"","rightUnit":""},"isHidden":false},"styleRef":"e455"},"children":[],"parent":"e428"},"e500":{"type":"Button","props":{"lg":{"text":"View Your Cases","gridArea":"","variant":"primary","position":{"left":21,"top":369,"leftUnit":"px","topUnit":"px","right":"","bottom":"","transform":""},"isHidden":false},"target":"self","customURL":"","type":"redirect","redirect":{"label":"Other","value":"other"},"styleRef":"e500"},"children":[],"parent":"e496"},"e511":{"type":"Section","props":{"lg":{"position":{"left":338,"top":18,"leftUnit":"px","topUnit":"px","right":"","bottom":"","transform":""},"isHidden":false,"gridArea":"Col1"},"styleRef":"e511"},"children":["e512","e513","e514"],"parent":"s462"},"e522":{"type":"Typography","props":{"lg":{"text":"Duis aute irure dolor in dfdgh sse&nbsp;reprehenderit in voluptate velit .","variant":"p","position":{"left":10,"top":220,"leftUnit":"px","topUnit":"px","right":"unset","bottom":"","rightUnit":"px"},"isHidden":false,"isHTML":false},"styleRef":"e522"},"children":[],"parent":"e519"},"e533":{"type":"Image","props":{"lg":{"src":"https://d3255hq6rclyj1.cloudfront.net/609e5cbcb35e02203a53a8af_ftusergal_.jpg","alt":"","gridArea":"Col1","position":{"left":10,"top":9,"leftUnit":"px","topUnit":"px","right":"unset","bottom":"","rightUnit":"px"},"isHidden":false},"styleRef":"e533"},"children":[],"parent":"e532"},"e456":{"type":"Typography","props":{"lg":{"text":"Best Tennis Instructors","variant":"title","position":{"left":"50","top":"478","leftUnit":"%","topUnit":"px","right":"unset","bottom":"","transform":"translateX(-50%)","rightUnit":""},"isHidden":false},"styleRef":"e456"},"children":[],"parent":"e428"},"e501":{"type":"Button","props":{"lg":{"text":"View Your Orders","gridArea":"","variant":"primary","position":{"left":179,"top":368,"leftUnit":"px","topUnit":"px","right":"","bottom":"","transform":""},"isHidden":false},"target":"self","customURL":"","type":"redirect","redirect":{"label":"Other","value":"other"},"styleRef":"e501"},"children":[],"parent":"e496"},"e512":{"type":"Image","props":{"lg":{"src":"https://d3255hq6rclyj1.cloudfront.net/609e5895b35e02203a53a8a8_ftusergal_.jpg","alt":"","gridArea":"Col1","position":{"left":10,"top":9,"leftUnit":"px","topUnit":"px","right":"unset","bottom":"","rightUnit":"px"},"isHidden":false},"styleRef":"e512"},"children":[],"parent":"e511"},"e534":{"type":"Typography","props":{"lg":{"text":"Poker Sessions","variant":"caption","gridArea":"","position":{"left":11,"top":187,"leftUnit":"px","topUnit":"px","right":"","bottom":"","rightUnit":"px","transform":""},"isHidden":false},"styleRef":"e534"},"children":[],"parent":"e532"},"e513":{"type":"Typography","props":{"lg":{"text":"Horse Back-riding  Classes","variant":"caption","gridArea":"","position":{"left":10,"top":187,"leftUnit":"px","topUnit":"px","right":"unset","bottom":"","rightUnit":"px"},"isHidden":false},"styleRef":"e513"},"children":[],"parent":"e511"},"e524":{"type":"Section","props":{"lg":{"gridArea":"Col1","position":{"left":2,"top":35,"leftUnit":"px","topUnit":"px","right":"","bottom":"","transform":""},"isHidden":false},"styleRef":"e524"},"children":["e525","e526","e527"],"parent":"s523"},"e535":{"type":"Typography","props":{"lg":{"text":"Duis aute irure dolor in dfdgh sse&nbsp;reprehenderit in voluptate velit .","variant":"p","position":{"left":10,"top":220,"leftUnit":"px","topUnit":"px","right":"unset","bottom":"","rightUnit":"px"},"isHidden":false,"isHTML":false},"styleRef":"e535"},"children":[],"parent":"e532"},"e503":{"type":"Image","props":{"lg":{"src":"https://d3255hq6rclyj1.cloudfront.net/609e3aa11890b2186d69ad6d_ftusergal_.jpg","alt":"","gridArea":"Col1","position":{"left":0,"top":0,"leftUnit":"px","topUnit":"px","right":"","bottom":"","transform":""},"isHidden":false},"styleRef":"e503"},"children":[],"parent":"e496"},"e514":{"type":"Typography","props":{"lg":{"text":"Duis aute irure dolor in dfdgh sse&nbsp;reprehenderit in voluptate velit .","variant":"p","position":{"left":10,"top":220,"leftUnit":"px","topUnit":"px","right":"unset","bottom":"","rightUnit":"px"},"isHidden":false,"isHTML":false},"styleRef":"e514"},"children":[],"parent":"e511"},"e525":{"type":"Image","props":{"lg":{"src":"https://d3255hq6rclyj1.cloudfront.net/609e5c71b35e02203a53a8ad_ftusergal_.jpg","alt":"","gridArea":"Col1","position":{"left":10,"top":9,"leftUnit":"px","topUnit":"px","right":"unset","bottom":"","rightUnit":"px"},"isHidden":false},"styleRef":"e525"},"children":[],"parent":"e524"},"e536":{"type":"Section","props":{"lg":{"position":{"left":1006,"top":36,"leftUnit":"px","topUnit":"px","right":"","bottom":"","transform":""},"isHidden":false,"gridArea":"Col1"},"styleRef":"e536"},"children":["e537","e538","e539"],"parent":"s523"},"e448":{"type":"Typography","props":{"lg":{"text":"Unrivalled Golf Courses","variant":"title","gridArea":"","position":{"left":45,"top":157,"leftUnit":"px","topUnit":"px","right":"","bottom":"","transform":"","rightUnit":""},"isHidden":false},"styleRef":"e448"},"children":[],"parent":"e428"},"e459":{"type":"SmartVLoginForm","props":{"lg":{"gridArea":"Col1","position":{"left":1021,"top":26,"leftUnit":"px","topUnit":"px","right":"","bottom":"","transform":""},"isHidden":false},"styleRef":"e459","captions":{"Verification Description":"Verification code"}},"children":[],"parent":"s449"},"e515":{"type":"Section","props":{"lg":{"position":{"left":672,"top":19,"leftUnit":"px","topUnit":"px","right":"","bottom":"","transform":""},"isHidden":false,"gridArea":"Col1"},"styleRef":"e515"},"children":["e516","e517","e518"],"parent":"s462"},"e526":{"type":"Typography","props":{"lg":{"text":"Swimming Pools","variant":"caption","gridArea":"","position":{"left":10,"top":187,"leftUnit":"px","topUnit":"px","right":"unset","bottom":"","rightUnit":"px"},"isHidden":false},"styleRef":"e526"},"children":[],"parent":"e524"},"e537":{"type":"Image","props":{"lg":{"src":"https://d3255hq6rclyj1.cloudfront.net/609e5e31b35e02203a53a8b1_ftusergal_.jpg","alt":"","gridArea":"Col1","position":{"left":10,"top":9,"leftUnit":"px","topUnit":"px","right":"unset","bottom":"","rightUnit":"px"},"isHidden":false},"styleRef":"e537"},"children":[],"parent":"e536"},"e505":{"type":"Typography","props":{"lg":{"text":"Magna aliqua. Ut enim ad minim veniam, quis nostrud exercitation ullamco laboris nisi ut esse cillum dolore eu fugiat nulla pariatur.","variant":"title","position":{"left":14,"top":271,"leftUnit":"px","topUnit":"px","right":"","bottom":"","transform":""},"isHidden":false},"styleRef":"e505"},"children":[],"parent":"e496"},"e516":{"type":"Image","props":{"lg":{"src":"https://d3255hq6rclyj1.cloudfront.net/609e58b5b35e02203a53a8a9_ftusergal_.jpg","alt":"","gridArea":"Col1","position":{"left":10,"top":9,"leftUnit":"px","topUnit":"px","right":"unset","bottom":"","rightUnit":"px"},"isHidden":false},"styleRef":"e516"},"children":[],"parent":"e515"},"e527":{"type":"Typography","props":{"lg":{"text":"Duis aute irure dolor in dfdgh sse&nbsp;reprehenderit in voluptate velit .","variant":"p","position":{"left":10,"top":220,"leftUnit":"px","topUnit":"px","right":"unset","bottom":"","rightUnit":"px"},"isHidden":false,"isHTML":false},"styleRef":"e527"},"children":[],"parent":"e524"},"e538":{"type":"Typography","props":{"lg":{"text":"Events","variant":"caption","gridArea":"","position":{"left":10,"top":187,"leftUnit":"px","topUnit":"px","right":"unset","bottom":"","rightUnit":"px"},"isHidden":false},"styleRef":"e538"},"children":[],"parent":"e536"},"e428":{"type":"CarouselContainer","props":{"lg":{"value":"step429","tabs":[{"id":"step429","label":"Step 1","children":["e432","e441","e447","e448","e451","e487","e493"]},{"id":"step430","label":"Step 2","children":["e443","e452","e453"]},{"id":"step431","label":"Step 3","children":["e444","e454"]},{"label":"Item 4","value":"key4","id":"94fb0b32-4407-4a57-add7-b518007c6a35","children":["e444","e455"]},{"label":"Item 5","value":"key5","id":"ca243dc3-6a12-40be-8f08-864d92a6ce2e","children":["e445","e456"]}],"gridArea":"Col1","position":{"left":-524,"leftUnit":"px","bottom":"","transform":"","allowFullWidth":true,"top":3,"zIndex":1,"topUnit":"px","right":""},"isHidden":false},"md":{"tabs":[]},"sm":{"tabs":[]},"xs":{"tabs":[]},"ss":{"tabs":[]},"styleRef":"e428"},"children":["e448","e451","e452","e454","e455","e456"],"parent":"s286"},"e506":{"type":"Typography","props":{"lg":{"text":"Duis aute irure dolor in reprehenderit in voluptate velit esse cillum dolore eu fugiat nulla pariatur. Excepteur sint occaecat cupidatat non proident, sunt in culpa qui officia deserunt mollit anim id est laborum.","variant":"p","gridArea":"Col1","position":{"left":1,"top":327,"leftUnit":"px","topUnit":"px","right":"unset","bottom":"","rightUnit":"px"},"isHidden":false,"isHTML":false},"styleRef":"e506"},"children":[],"parent":"s449"},"e517":{"type":"Typography","props":{"lg":{"text":"Tennis Classes","variant":"caption","gridArea":"","position":{"left":10,"top":187,"leftUnit":"px","topUnit":"px","right":"unset","bottom":"","rightUnit":"px"},"isHidden":false},"styleRef":"e517"},"children":[],"parent":"e515"},"e528":{"type":"Section","props":{"lg":{"position":{"left":338,"top":36,"leftUnit":"px","topUnit":"px","right":"","bottom":"","transform":""},"isHidden":false,"gridArea":"Col1"},"styleRef":"e528"},"children":["e529","e530","e531"],"parent":"s523"},"e539":{"type":"Typography","props":{"lg":{"text":"Duis aute irure dolor in dfdgh sse&nbsp;reprehenderit in voluptate velit .","variant":"p","position":{"left":10,"top":220,"leftUnit":"px","topUnit":"px","right":"unset","bottom":"","rightUnit":"px"},"isHidden":false,"isHTML":false},"styleRef":"e539"},"children":[],"parent":"e536"},"e507":{"type":"Image","props":{"lg":{"src":"https://d3255hq6rclyj1.cloudfront.net/609e466a1890b2186d69ad77_ftusergal_.jpg","alt":"","gridArea":"Col1","position":{"left":10,"top":9,"leftUnit":"px","topUnit":"px","right":"unset","bottom":"","rightUnit":"px"},"isHidden":false},"styleRef":"e507"},"children":[],"parent":"e508"},"e518":{"type":"Typography","props":{"lg":{"text":"Duis aute irure dolor in dfdgh sse&nbsp;reprehenderit in voluptate velit .","variant":"p","position":{"left":10,"top":220,"leftUnit":"px","topUnit":"px","right":"unset","bottom":"","rightUnit":"px"},"isHidden":false,"isHTML":false},"styleRef":"e518"},"children":[],"parent":"e515"},"e529":{"type":"Image","props":{"lg":{"src":"https://d3255hq6rclyj1.cloudfront.net/609e5cabb35e02203a53a8ae_ftusergal_.jpg","alt":"","gridArea":"Col1","position":{"left":10,"top":9,"leftUnit":"px","topUnit":"px","right":"unset","bottom":"","rightUnit":"px"},"isHidden":false},"styleRef":"e529"},"children":[],"parent":"e528"},"e508":{"type":"Section","props":{"lg":{"gridArea":"Col1","position":{"left":2,"top":17,"leftUnit":"px","topUnit":"px","right":"","bottom":"","transform":""},"isHidden":false},"styleRef":"e508"},"children":["e507","e509","e510"],"parent":"s462"},"e519":{"type":"Section","props":{"lg":{"position":{"left":1006,"top":18,"leftUnit":"px","topUnit":"px","right":"","bottom":"","transform":""},"isHidden":false,"gridArea":"Col1"},"styleRef":"e519"},"children":["e520","e521","e522"],"parent":"s462"},"e509":{"type":"Typography","props":{"lg":{"text":"Yoga Classes","variant":"caption","gridArea":"","position":{"left":10,"top":187,"leftUnit":"px","topUnit":"px","right":"unset","bottom":"","rightUnit":"px"},"isHidden":false},"styleRef":"e509"},"children":[],"parent":"e508"},"s462":{"type":"Strip","props":{"styleRef":"s462"},"children":["e508","e511","e515","e519"],"parent":null},"s286":{"type":"Strip","props":{"styleRef":"s286"},"children":["e428","e482"],"parent":null},"s540":{"type":"Strip","props":{"styleRef":"s540"},"children":["e541"],"parent":null}},"Grid":["s286","s449","s540","s462","s523"],"styles":{"s523":{"type":"Strip","lg":{"columns":1,"rows":1,"areas":[["Col1"]],"root":{"minHeight":433,"height":"auto","backgroundColor":"#efefdbff"},"row0":433,"row0Unit":"px"}},"s449":{"type":"Strip","lg":{"columns":1,"rows":1,"areas":[["Col1"]],"root":{"minHeight":478,"backgroundImage":"https://d3255hq6rclyj1.cloudfront.net/60994681af27f03794f40d3b_ftusergal_.png","backgroundSize":"cover","backgroundPosition":"center center"},"row0":412,"row0Unit":"px"}},"e460":{"lg":{"root":{"color":"#989898ff","width":845,"height":"auto","alignSelf":"flex-start"}},"type":"Typography"},"e482":{"lg":{"root":{"width":91.5,"height":"auto"}},"type":"Typography"},"e450":{"lg":{"root":{"color":"#989898ff","width":865,"height":144,"alignSelf":"flex-start"}},"type":"Typography"},"e461":{"lg":{"root":{"width":818,"height":40,"fontSize":"26px","minWidth":818,"minHeight":40,"lineHeight":33,"alignSelf":"flex-start"}},"type":"Typography"},"e451":{"lg":{"root":{"width":435,"height":156}},"type":"Typography"},"e452":{"lg":{"root":{"color":"#ffffffff","width":622,"height":78,"fontSize":"46px","textAlign":"center","minHeight":78,"lineHeight":59}},"type":"Typography"},"e496":{"lg":{"root":{"borderStyle":"solid","width":"362","height":"442","backgroundColor":"#ffffffff","borderWidth":"0"}},"type":"Section"},"e530":{"lg":{"root":{"width":236,"height":23,"fontSize":"18px","lineHeight":23,"alignSelf":"flex-start"}},"type":"Typography"},"e541":{"lg":{"root":{"width":818,"height":40,"fontSize":"26px","minWidth":818,"minHeight":40,"lineHeight":33}},"type":"Typography"},"e497":{"lg":{"root":{"width":340,"height":48,"fontWeight":"normal","fontSize":"18px","minWidth":340,"minHeight":48,"lineHeight":23}},"type":"Typography"},"e520":{"lg":{"root":{"width":"250","height":166,"alignSelf":"flex-start"}},"type":"Image"},"e531":{"lg":{"root":{"color":"#989898ff","width":248.5,"height":82,"minHeight":82,"alignSelf":"flex-start"}},"type":"Typography"},"e454":{"lg":{"root":{"color":"#ffffffff","width":622,"height":78,"fontSize":"46px","textAlign":"center","minHeight":78,"lineHeight":59}},"type":"Typography"},"e510":{"lg":{"root":{"color":"#989898ff","width":248.5,"height":82,"minHeight":82,"alignSelf":"flex-start"}},"type":"Typography"},"e521":{"lg":{"root":{"width":236,"height":23,"fontSize":"18px","lineHeight":23,"alignSelf":"flex-start"}},"type":"Typography"},"e532":{"lg":{"root":{"shadow":[{"x":"5","y":"5","blur":"5","spread":"2","color":"#928f8f33"}],"borderStyle":"solid","width":274,"height":320,"backgroundColor":"#ffffffff","minHeight":320,"borderWidth":"0"}},"type":"Section"},"e455":{"lg":{"root":{"color":"#ffffffff","width":1136,"height":118,"fontSize":"46px","textAlign":"center","minHeight":78,"lineHeight":59}},"type":"Typography"},"e500":{"lg":{"root":{"width":148,"height":"42","fontSize":"16px","backgroundColor":"#6a9405b3"},"rootHover":{"backgroundColor":"#6a9405b3","fontSize":"16px","lineHeight":20},"rootActive":{"backgroundColor":"#6a9405b3","fontSize":"16px","lineHeight":20}},"type":"Button"},"e511":{"lg":{"root":{"shadow":[{"x":"5","y":"5","blur":"5","spread":"2","color":"#928f8f33"}],"borderStyle":"solid","width":274,"height":320,"backgroundColor":"#ffffffff","minHeight":320,"borderWidth":"0"}},"type":"Section"},"e522":{"lg":{"root":{"color":"#989898ff","width":248.5,"height":82,"minHeight":82,"alignSelf":"flex-start"}},"type":"Typography"},"e533":{"lg":{"root":{"width":"250","height":166,"alignSelf":"flex-start"}},"type":"Image"},"e456":{"lg":{"root":{"color":"#ffffffff","width":684.5,"height":78,"fontSize":"46px","textAlign":"center","minHeight":78,"lineHeight":59}},"type":"Typography"},"e501":{"lg":{"root":{"width":157,"height":"42","fontSize":"16px","backgroundColor":"#6a9405b3"},"rootHover":{"backgroundColor":"#6a9405b3","fontSize":"16px","lineHeight":20},"rootActive":{"backgroundColor":"#6a9405b3","fontSize":"16px","lineHeight":20}},"type":"Button"},"e512":{"lg":{"root":{"width":"250","height":166,"alignSelf":"flex-start"}},"type":"Image"},"e534":{"lg":{"root":{"width":236,"height":23,"fontSize":"18px","lineHeight":23}},"type":"Typography"},"e513":{"lg":{"root":{"width":236,"height":23,"fontSize":"18px","lineHeight":23,"alignSelf":"flex-start"}},"type":"Typography"},"e524":{"lg":{"root":{"shadow":[{"x":"5","y":"5","blur":"5","spread":"2","color":"#928f8f33"}],"borderStyle":"solid","width":274,"height":320,"backgroundColor":"#ffffffff","minHeight":320,"borderWidth":"0"}},"type":"Section"},"e535":{"lg":{"root":{"color":"#989898ff","width":248.5,"height":82,"minHeight":82,"alignSelf":"flex-start"}},"type":"Typography"},"e503":{"lg":{"root":{"width":362.5,"height":210,"minWidth":362.5,"minHeight":210}},"type":"Image"},"e514":{"lg":{"root":{"color":"#989898ff","width":248.5,"height":82,"minHeight":82,"alignSelf":"flex-start"}},"type":"Typography"},"e525":{"lg":{"root":{"width":"250","height":166,"alignSelf":"flex-start"}},"type":"Image"},"e536":{"lg":{"root":{"shadow":[{"x":"5","y":"5","blur":"5","spread":"2","color":"#928f8f33"}],"borderStyle":"solid","width":274,"height":320,"backgroundColor":"#ffffffff","minHeight":320,"borderWidth":"0"}},"type":"Section"},"e448":{"lg":{"root":{"color":"#ffffffff","width":612,"height":78,"fontSize":"46px","textAlign":"left","minHeight":78,"lineHeight":59}},"type":"Typography"},"e459":{"lg":{"root":{"width":338,"height":"auto"},"buttonContinue":{"backgroundColor":"#afb530ff","borderRadius":"0","borderStyle":"solid"},"title":{"fontSize":"18px","lineHeight":23}},"type":"SmartVLoginForm"},"e515":{"lg":{"root":{"shadow":[{"x":"5","y":"5","blur":"5","spread":"2","color":"#928f8f33"}],"borderStyle":"solid","width":274,"height":320,"backgroundColor":"#ffffffff","minHeight":320,"borderWidth":"0"}},"type":"Section"},"e526":{"lg":{"root":{"width":236,"height":23,"fontSize":"18px","lineHeight":23,"alignSelf":"flex-start"}},"type":"Typography"},"e537":{"lg":{"root":{"width":"250","height":166,"alignSelf":"flex-start"}},"type":"Image"},"e505":{"lg":{"root":{"width":340,"height":79,"fontWeight":"normal","fontSize":"16px","minWidth":340,"lineHeight":20}},"type":"Typography"},"e516":{"lg":{"root":{"width":"250","height":166,"alignSelf":"flex-start"}},"type":"Image"},"e527":{"lg":{"root":{"color":"#989898ff","width":248.5,"height":82,"minHeight":82,"alignSelf":"flex-start"}},"type":"Typography"},"e538":{"lg":{"root":{"width":236,"height":23,"fontSize":"18px","lineHeight":23,"alignSelf":"flex-start"}},"type":"Typography"},"e428":{"lg":{"root":{"width":"575","height":618,"minHeight":618},"pointItem":{"width":"15","height":"15"},"step430":{"height":618,"backgroundImage":"https://d3255hq6rclyj1.cloudfront.net/6097bedbcb35e53126150bbe_ftusergal_.jpg"},"step431":{"height":618,"backgroundImage":"https://d3255hq6rclyj1.cloudfront.net/6097befacb35e53126150bc3_ftusergal_.jpg"},"94fb0b32-4407-4a57-add7-b518007c6a35":{"backgroundImage":"https://d3255hq6rclyj1.cloudfront.net/6097bfb2cb35e53126150bcd_ftusergal_.jpg","height":618},"ca243dc3-6a12-40be-8f08-864d92a6ce2e":{"height":618,"backgroundImage":"https://d3255hq6rclyj1.cloudfront.net/6097bfcdcb35e53126150bcf_ftusergal_.jpg"},"step429":{"height":618,"backgroundRepeat":"no-repeat","backgroundImage":"https://d3255hq6rclyj1.cloudfront.net/6097bec8cb35e53126150bbd_ftusergal_.jpg","backgroundSize":"cover"},"pointRoot":{"paddingBottom":"20"},"pointItemSel":{"backgroundColor":"#2b1d1dff"},"content":{"width":"575","height":"300"}},"type":"CarouselContainer"},"e506":{"lg":{"root":{"color":"#989898ff","width":865,"height":76,"alignSelf":"flex-start"}},"type":"Typography"},"e517":{"lg":{"root":{"width":236,"height":23,"fontSize":"18px","lineHeight":23,"alignSelf":"flex-start"}},"type":"Typography"},"e528":{"lg":{"root":{"shadow":[{"x":"5","y":"5","blur":"5","spread":"2","color":"#928f8f33"}],"borderStyle":"solid","width":274,"height":320,"backgroundColor":"#ffffffff","minHeight":320,"borderWidth":"0"}},"type":"Section"},"e539":{"lg":{"root":{"color":"#989898ff","width":248.5,"height":82,"minHeight":82,"alignSelf":"flex-start"}},"type":"Typography"},"e507":{"lg":{"root":{"width":"250","height":166,"alignSelf":"flex-start"}},"type":"Image"},"e518":{"lg":{"root":{"color":"#989898ff","width":248.5,"height":82,"minHeight":82,"alignSelf":"flex-start"}},"type":"Typography"},"e529":{"lg":{"root":{"width":"250","height":166,"alignSelf":"flex-start"}},"type":"Image"},"e508":{"lg":{"root":{"shadow":[{"x":"5","y":"5","blur":"5","spread":"2","color":"#928f8f33"}],"borderStyle":"solid","width":274,"height":320,"backgroundColor":"#ffffffff","minHeight":320,"borderWidth":"0"}},"type":"Section"},"e519":{"lg":{"root":{"shadow":[{"x":"5","y":"5","blur":"5","spread":"2","color":"#928f8f33"}],"borderStyle":"solid","width":274,"height":320,"backgroundColor":"#ffffffff","minHeight":320,"borderWidth":"0"}},"type":"Section"},"e509":{"lg":{"root":{"width":236,"height":23,"fontSize":"18px","lineHeight":23,"alignSelf":"flex-start"}},"type":"Typography"},"s462":{"type":"Strip","lg":{"columns":1,"rows":1,"areas":[["Col1"]],"root":{"minHeight":364,"height":"auto","backgroundColor":"#efefdbff"},"row0":364,"row0Unit":"px"}},"s286":{"type":"Strip","lg":{"columns":1,"rows":1,"areas":[["Col1"]],"root":{"minHeight":622,"backgroundImage":"'none'","height":"auto"},"row0":689,"row0Unit":"px"}},"s540":{"type":"Strip","lg":{"columns":1,"rows":1,"areas":[["Col1"]],"root":{"minHeight":90,"height":"auto","backgroundColor":"#efefdbff"},"row0":90,"row0Unit":"px"}}}}}