{"IsDeleted":false,"IsDisabled":false,"isPublic":true,"Description":"","Version":0,"ProjectID":"60a526590404e77ae74cb672","isCachedCDN":"","_id":"60acb86565c90b0189ffc602","Props":{"elements":{"s543":{"type":"Strip","props":{"styleRef":"s543"},"children":["e544"],"parent":null},"s545":{"type":"Strip","props":{"styleRef":"s545"},"children":["e546","e547","e548","e549","e550","e551","e552","e553","e554","e555","e556"],"parent":null},"e550":{"type":"FormField","props":{"items":[{"label":"Item 1","value":"key1","uid":"68541219-7386-426b-a00f-1551310f37a3"},{"label":"Item 2","value":"key2","uid":"3d354402-56e5-489b-a261-16b9e23b81f6"},{"label":"Item 3","value":"key3","uid":"560757e0-3ad4-4222-a3f5-360052b68e61"}],"styleRef":"e550","md":{"items":"","variant":"standard","isDisabled":"","isDistinct":"","position":{"rightUnit":"px","left":656,"leftUnit":"px","bottom":"unset","transform":"","bottomUnit":"px","top":111,"topUnit":"px","right":"unset"},"hideErrorIndicator":true,"isShowLabel":true,"hideAsterisk":"","label":"Industry","hideValidIndicator":true,"tabOrder":"","mandatory":"","dependentPickList":""},"field":{"label":"Industry","value":"Industry"},"sm":{"items":"","variant":"standard","isDisabled":"","isDistinct":"","position":{"rightUnit":"px","left":399,"leftUnit":"px","bottom":"unset","transform":"","bottomUnit":"px","top":111,"topUnit":"px","right":"unset"},"hideErrorIndicator":true,"isShowLabel":true,"hideAsterisk":"","label":"Industry","hideValidIndicator":true,"tabOrder":"","mandatory":"","dependentPickList":""},"tag":"Registration_Industry","source":"sf","lg":{"value":"","label":"Industry","placeholder":"Choose Industry","variant":"standard","gridArea":"Col1","position":{"left":705,"top":111,"leftUnit":"px","topUnit":"px","right":"unset","bottom":"unset","rightUnit":"px","bottomUnit":"px"},"isHidden":false},"control":"select","object":"Account"},"children":[],"parent":"s545"},"e551":{"type":"FormField","props":{"control":"text","lg":{"value":"","label":"Country","placeholder":"","variant":"standard","gridArea":"Col1","position":{"rightUnit":"px","left":705,"leftUnit":"px","bottom":"unset","bottomUnit":"px","top":174,"topUnit":"px","right":"unset"},"isHidden":false},"styleRef":"e551","tag":"Registration_Country","md":{"readOnly":"","variant":"standard","isDisabled":"","autoFocus":"","position":{"rightUnit":"px","left":656,"leftUnit":"px","bottom":"unset","transform":"","bottomUnit":"px","top":174,"topUnit":"px","right":"unset"},"hideErrorIndicator":true,"disableAutoSuggest":"","isShowLabel":true,"placeholder":"","hideAsterisk":"","label":"Country","hideValidIndicator":true,"disallowPaste":"","tabOrder":"","mandatory":"","passwordMode":""},"sm":{"readOnly":"","variant":"standard","isDisabled":"","autoFocus":"","position":{"rightUnit":"px","left":399,"leftUnit":"px","bottom":"unset","transform":"","bottomUnit":"px","top":174,"topUnit":"px","right":"unset"},"hideErrorIndicator":true,"disableAutoSuggest":"","isShowLabel":true,"placeholder":"","hideAsterisk":"","label":"Country","hideValidIndicator":true,"disallowPaste":"","tabOrder":"","mandatory":"","passwordMode":""}},"children":[],"parent":"s545"},"e552":{"type":"FormField","props":{"control":"text","lg":{"value":"","label":"City","placeholder":"","variant":"standard","gridArea":"Col1","position":{"rightUnit":"px","left":402,"leftUnit":"px","bottom":"unset","bottomUnit":"px","top":237,"topUnit":"px","right":"unset"},"isHidden":false},"styleRef":"e552","tag":"Registration_City","md":{"readOnly":"","variant":"standard","isDisabled":"","autoFocus":"","position":{"rightUnit":"px","left":353,"leftUnit":"px","bottom":"unset","transform":"","bottomUnit":"px","top":237,"topUnit":"px","right":"unset"},"hideErrorIndicator":true,"disableAutoSuggest":"","isShowLabel":true,"placeholder":"","hideAsterisk":"","label":"City","hideValidIndicator":true,"disallowPaste":"","tabOrder":"","mandatory":"","passwordMode":""},"sm":{"readOnly":"","variant":"standard","isDisabled":"","autoFocus":"","position":{"rightUnit":"px","left":96,"leftUnit":"px","bottom":"unset","transform":"","bottomUnit":"px","top":237,"topUnit":"px","right":"unset"},"hideErrorIndicator":true,"disableAutoSuggest":"","isShowLabel":true,"placeholder":"","hideAsterisk":"","label":"City","hideValidIndicator":true,"disallowPaste":"","tabOrder":"","mandatory":"","passwordMode":""}},"children":[],"parent":"s545"},"e553":{"type":"FormField","props":{"control":"text","lg":{"value":"","label":"Street","placeholder":"","variant":"standard","gridArea":"Col1","position":{"rightUnit":"px","left":705,"leftUnit":"px","bottom":"unset","bottomUnit":"px","top":237,"topUnit":"px","right":"unset"},"isHidden":false},"styleRef":"e553","tag":"Registration_Street","md":{"readOnly":"","variant":"standard","isDisabled":"","autoFocus":"","position":{"rightUnit":"px","left":656,"leftUnit":"px","bottom":"unset","transform":"","bottomUnit":"px","top":237,"topUnit":"px","right":"unset"},"hideErrorIndicator":true,"disableAutoSuggest":"","isShowLabel":true,"placeholder":"","hideAsterisk":"","label":"Street","hideValidIndicator":true,"disallowPaste":"","tabOrder":"","mandatory":"","passwordMode":""},"sm":{"readOnly":"","variant":"standard","isDisabled":"","autoFocus":"","position":{"rightUnit":"px","left":399,"leftUnit":"px","bottom":"unset","transform":"","bottomUnit":"px","top":237,"topUnit":"px","right":"unset"},"hideErrorIndicator":true,"disableAutoSuggest":"","isShowLabel":true,"placeholder":"","hideAsterisk":"","label":"Street","hideValidIndicator":true,"disallowPaste":"","tabOrder":"","mandatory":"","passwordMode":""}},"children":[],"parent":"s545"},"e554":{"type":"FormField","props":{"control":"signature","lg":{"value":"","label":"I agree to the company terms and conditions","placeholder":"[Sign Here]","variant":"standard","gridArea":"Col1","position":{"left":403,"top":316,"leftUnit":"px","topUnit":"px","right":"","bottom":"","transform":""},"drawLine":true,"isHidden":false},"styleRef":"e554","tag":"Registration_Signature","md":{"variant":"standard","isDisabled":"","position":{"left":354,"top":316,"leftUnit":"px","topUnit":"px","right":"","bottom":"","transform":""},"hideErrorIndicator":true,"isShowLabel":true,"hideAsterisk":"","label":"I agree to the company terms and conditions","hideValidIndicator":true,"tabOrder":"","mandatory":""},"sm":{"variant":"standard","isDisabled":"","position":{"left":97,"top":316,"leftUnit":"px","topUnit":"px","right":"","bottom":"","transform":""},"hideErrorIndicator":true,"isShowLabel":true,"hideAsterisk":"","label":"I agree to the company terms and conditions","hideValidIndicator":true,"tabOrder":"","mandatory":""}},"children":[],"parent":"s545"},"e544":{"type":"Typography","props":{"lg":{"text":"Registration Page","variant":"subhead","gridArea":"Col1","position":{"left":"50","top":"27","leftUnit":"%","topUnit":"px","right":"unset","bottom":"","transform":"translateX(-50%)","rightUnit":""},"isHidden":false},"styleRef":"e544","md":{"position":{"left":"50","top":"27","leftUnit":"%","topUnit":"px","right":"unset","bottom":"","transform":"translateX(-50%)","rightUnit":""},"text":"Registration Page"},"sm":{"position":{"left":"50","top":"27","leftUnit":"%","topUnit":"px","right":"unset","bottom":"","transform":"translateX(-50%)","rightUnit":""},"text":"Registration Page"}},"children":[],"parent":"s543"},"e555":{"type":"FormField","props":{"control":"fileupload","lg":{"filesLimit":"1","variant":"dropzone","accept":".pdf","position":{"left":706,"top":353,"leftUnit":"px","topUnit":"px","right":"","bottom":"","transform":""},"value":"","allowAccept":true,"gridArea":"Col1","placeholder":"","label":"Upload Partner Contract Here","isHidden":false},"styleRef":"e555","tag":"Registration_PartnerContractFile","md":{"variant":"dropzone","isDisabled":"","position":{"left":657,"top":353,"leftUnit":"px","topUnit":"px","right":"","bottom":"","transform":""},"hideErrorIndicator":true,"isShowLabel":true,"hideAsterisk":"","label":"Upload Partner Contract Here","isImageCompression":"","hideValidIndicator":true,"tabOrder":"","mandatory":""},"sm":{"variant":"dropzone","isDisabled":"","position":{"left":400,"top":353,"leftUnit":"px","topUnit":"px","right":"","bottom":"","transform":""},"hideErrorIndicator":true,"isShowLabel":true,"hideAsterisk":"","label":"Upload Partner Contract Here","isImageCompression":"","hideValidIndicator":true,"tabOrder":"","mandatory":""}},"children":[],"parent":"s545"},"e556":{"type":"Button","props":{"styleRef":"e556","target":"self","action":{"0":{"uid":"8638f08e-2f3d-4d11-8c99-8fbfe4d7b607","conditions":[],"isAction":false,"actions":{"sfAction":[{"items":[{"label":"#7 Account (create)  - Create New Partner","value":"fe22bf30-3ce3-40d2-8cc4-7f53629fe732","isPush":true,"order":""}]}]},"name":"Push To SF"},"1":{"uid":"e7209d4a-e34d-4567-8565-ea6bb3652982","conditions":[],"isAction":false,"actions":{"redirect":[{"enabled":true,"typeOfRedirect":"Internal","redirect":{"label":"Page / Manage Leads","value":"p13","type":"page","ftMode":"Internal"}}],"predefined":{"0":{"enabled":false,"action":"SmartV Login"}}},"name":"Redirect to login"}},"md":{"position":{"left":"50","top":556,"leftUnit":"%","topUnit":"px","right":"unset","bottom":"","transform":"translateX(-50%)","rightUnit":""}},"sm":{"position":{"left":"50","top":556,"leftUnit":"%","topUnit":"px","right":"unset","bottom":"","transform":"translateX(-50%)","rightUnit":""}},"type":"redirect","lg":{"text":"Sign Up","gridArea":"Col1","variant":"primary","position":{"left":"50","top":558,"leftUnit":"%","topUnit":"px","right":"unset","bottom":"","transform":"translateX(-50%)","rightUnit":""},"isHidden":false},"redirect":{"label":"Other","value":"other"},"customURL":""},"children":[],"parent":"s545"},"e546":{"type":"FormField","props":{"control":"text","lg":{"value":"","label":"First Name","placeholder":"","variant":"standard","gridArea":"Col1","position":{"rightUnit":"px","left":402,"leftUnit":"px","bottom":"unset","bottomUnit":"px","top":46,"topUnit":"px","right":"unset"},"isHidden":false},"styleRef":"e546","tag":"Registration_FirstName","md":{"readOnly":"","variant":"standard","isDisabled":"","autoFocus":"","position":{"rightUnit":"px","left":353,"leftUnit":"px","bottom":"unset","transform":"","bottomUnit":"px","top":46,"topUnit":"px","right":"unset"},"hideErrorIndicator":true,"disableAutoSuggest":"","isShowLabel":true,"placeholder":"","hideAsterisk":"","label":"First Name","hideValidIndicator":true,"disallowPaste":"","tabOrder":"","mandatory":"","passwordMode":""},"sm":{"readOnly":"","variant":"standard","isDisabled":"","autoFocus":"","position":{"rightUnit":"px","left":96,"leftUnit":"px","bottom":"unset","transform":"","bottomUnit":"px","top":46,"topUnit":"px","right":"unset"},"hideErrorIndicator":true,"disableAutoSuggest":"","isShowLabel":true,"placeholder":"","hideAsterisk":"","label":"First Name","hideValidIndicator":true,"disallowPaste":"","tabOrder":"","mandatory":"","passwordMode":""}},"children":[],"parent":"s545"},"e547":{"type":"FormField","props":{"control":"text","lg":{"value":"","label":"Last Name","placeholder":"","variant":"standard","gridArea":"Col1","position":{"rightUnit":"px","left":705,"leftUnit":"px","bottom":"unset","bottomUnit":"px","top":46,"topUnit":"px","right":"unset"},"isHidden":false},"styleRef":"e547","tag":"Registration_Last Name","md":{"readOnly":"","variant":"standard","isDisabled":"","autoFocus":"","position":{"rightUnit":"px","left":656,"leftUnit":"px","bottom":"unset","transform":"","bottomUnit":"px","top":46,"topUnit":"px","right":"unset"},"hideErrorIndicator":true,"disableAutoSuggest":"","isShowLabel":true,"placeholder":"","hideAsterisk":"","label":"Last Name","hideValidIndicator":true,"disallowPaste":"","tabOrder":"","mandatory":"","passwordMode":""},"sm":{"readOnly":"","variant":"standard","isDisabled":"","autoFocus":"","position":{"rightUnit":"px","left":399,"leftUnit":"px","bottom":"unset","transform":"","bottomUnit":"px","top":46,"topUnit":"px","right":"unset"},"hideErrorIndicator":true,"disableAutoSuggest":"","isShowLabel":true,"placeholder":"","hideAsterisk":"","label":"Last Name","hideValidIndicator":true,"disallowPaste":"","tabOrder":"","mandatory":"","passwordMode":""}},"children":[],"parent":"s545"},"e548":{"type":"FormField","props":{"control":"text","lg":{"value":"","label":"Company Name","placeholder":"","variant":"standard","gridArea":"Col1","position":{"rightUnit":"px","left":402,"leftUnit":"px","bottom":"unset","bottomUnit":"px","top":111,"topUnit":"px","right":"unset"},"isHidden":false},"styleRef":"e548","tag":"Registration_CompanyName","md":{"readOnly":"","variant":"standard","isDisabled":"","autoFocus":"","position":{"rightUnit":"px","left":353,"leftUnit":"px","bottom":"unset","transform":"","bottomUnit":"px","top":111,"topUnit":"px","right":"unset"},"hideErrorIndicator":true,"disableAutoSuggest":"","isShowLabel":true,"placeholder":"","hideAsterisk":"","label":"Company Name","hideValidIndicator":true,"disallowPaste":"","tabOrder":"","mandatory":"","passwordMode":""},"sm":{"readOnly":"","variant":"standard","isDisabled":"","autoFocus":"","position":{"rightUnit":"px","left":96,"leftUnit":"px","bottom":"unset","transform":"","bottomUnit":"px","top":111,"topUnit":"px","right":"unset"},"hideErrorIndicator":true,"disableAutoSuggest":"","isShowLabel":true,"placeholder":"","hideAsterisk":"","label":"Company Name","hideValidIndicator":true,"disallowPaste":"","tabOrder":"","mandatory":"","passwordMode":""}},"children":[],"parent":"s545"},"e549":{"type":"FormField","props":{"control":"email","lg":{"value":"","label":"Email","placeholder":"","variant":"standard","gridArea":"Col1","position":{"left":402,"top":174,"leftUnit":"px","topUnit":"px","right":"unset","bottom":"unset","rightUnit":"px","bottomUnit":"px"},"isHidden":false},"styleRef":"e549","tag":"Registration_Email","md":{"readOnly":"","variant":"standard","isDisabled":"","autoFocus":"","position":{"rightUnit":"px","left":353,"leftUnit":"px","bottom":"unset","transform":"","bottomUnit":"px","top":174,"topUnit":"px","right":"unset"},"hideErrorIndicator":true,"disableAutoSuggest":"","isShowLabel":true,"placeholder":"","hideAsterisk":"","label":"Email","hideValidIndicator":true,"disallowPaste":"","tabOrder":"","mandatory":""},"sm":{"readOnly":"","variant":"standard","isDisabled":"","autoFocus":"","position":{"rightUnit":"px","left":96,"leftUnit":"px","bottom":"unset","transform":"","bottomUnit":"px","top":174,"topUnit":"px","right":"unset"},"hideErrorIndicator":true,"disableAutoSuggest":"","isShowLabel":true,"placeholder":"","hideAsterisk":"","label":"Email","hideValidIndicator":true,"disallowPaste":"","tabOrder":"","mandatory":""}},"children":[],"parent":"s545"}},"Grid":["s543","s545"],"styles":{"s543":{"type":"Strip","lg":{"root":{"minHeight":"70"},"columns":1,"rows":1,"areas":[["Col1"]],"rootHover":{"minHeight":"70"},"rootActive":{"minHeight":"70"}},"md":{"root":{"minHeight":89},"columns":1,"rows":1,"areas":[["Col1"]],"rootHover":{"minHeight":89},"rootActive":{"minHeight":89}},"IsConfiguredDevice":{"md":true,"sm":true},"sm":{"root":{"minHeight":"unset !important"},"rows":1,"areas":[["Col1"]],"columns":"1","row0":89,"row0Unit":"px","rootHover":{"minHeight":"unset !important"},"rootActive":{"minHeight":"unset !important"}}},"s545":{"type":"Strip","lg":{"root":{"minHeight":663},"columns":1,"rows":1,"areas":[["Col1"]],"row0":663,"row0Unit":"px","rootHover":{"minHeight":663},"rootActive":{"minHeight":663}},"md":{"root":{"minHeight":616},"columns":1,"rows":1,"areas":[["Col1"]],"row0":663,"row0Unit":"px","rootHover":{"minHeight":616},"rootActive":{"minHeight":616}},"IsConfiguredDevice":{"md":true,"sm":true},"sm":{"root":{"minHeight":"unset !important"},"rows":1,"areas":[["Col1"]],"row0":614,"row0Unit":"px","columns":"1","rootHover":{"minHeight":"unset !important"},"rootActive":{"minHeight":"unset !important"}}},"e550":{"lg":{"root":{"width":"270","height":"auto","alignSelf":"flex-start"}},"type":"FormField","IsConfiguredDevice":{"md":true,"sm":true},"md":{"root":{"width":"270","height":"auto","alignSelf":"flex-start"}},"sm":{"root":{"width":"270","height":"auto","alignSelf":"flex-start"}}},"e551":{"lg":{"root":{"width":"270","height":"auto","alignSelf":"flex-start"}},"type":"FormField","IsConfiguredDevice":{"md":true,"sm":true},"md":{"root":{"width":"270","height":"auto","alignSelf":"flex-start"}},"sm":{"root":{"width":"270","height":"auto","alignSelf":"flex-start"}}},"e552":{"lg":{"root":{"width":"270","height":"auto","alignSelf":"flex-start"}},"type":"FormField","IsConfiguredDevice":{"md":true,"sm":true},"md":{"root":{"width":"270","height":"auto","alignSelf":"flex-start"}},"sm":{"root":{"width":"270","height":"auto","alignSelf":"flex-start"}}},"e553":{"lg":{"root":{"width":"270","height":"auto","alignSelf":"flex-start"}},"type":"FormField","IsConfiguredDevice":{"md":true,"sm":true},"md":{"root":{"width":"270","height":"auto","alignSelf":"flex-start"}},"sm":{"root":{"width":"270","height":"auto","alignSelf":"flex-start"}}},"e554":{"lg":{"root":{"width":269.5,"height":208,"minHeight":208},"line":"#bd587a","modal":{"title":{"backgroundColor":"#bd587a","fontFamily":"'Fira Sans', sans-serif;"}},"borderColor":"#bd587a"},"type":"FormField","IsConfiguredDevice":{"md":true,"sm":true},"md":{"root":{"width":269.5,"height":208,"minHeight":208},"line":"#bd587a","modal":{"title":{"backgroundColor":"#bd587a","fontFamily":"'Fira Sans', sans-serif;"}},"borderColor":"#bd587a"},"sm":{"root":{"width":269.5,"height":208,"minHeight":208},"line":"#bd587a","modal":{"title":{"backgroundColor":"#bd587a","fontFamily":"'Fira Sans', sans-serif;"}},"borderColor":"#bd587a"}},"e544":{"lg":{"root":{"color":"#000000ff","width":304,"height":42,"fontSize":"30px","minWidth":304,"textAlign":"center","minHeight":42,"lineHeight":39}},"type":"Typography","IsConfiguredDevice":{"md":true,"sm":true},"md":{"root":{"color":"#000000ff","width":304,"height":42,"fontSize":"30px","minWidth":304,"textAlign":"center","minHeight":42,"lineHeight":39}},"sm":{"root":{"color":"#000000ff","width":304,"height":42,"fontSize":"30px","minWidth":304,"textAlign":"center","minHeight":42,"lineHeight":39}}},"e555":{"lg":{"root":{"width":"270","height":168},"icon":"#bd587a","modal":{"title":{"backgroundColor":"#bd587a"}},"borderColor":"#bd587a"},"type":"FormField","IsConfiguredDevice":{"md":true,"sm":true},"md":{"root":{"width":"270","height":168},"icon":"#bd587a","modal":{"title":{"backgroundColor":"#bd587a"}},"borderColor":"#bd587a"},"sm":{"root":{"width":"270","height":168},"icon":"#bd587a","modal":{"title":{"backgroundColor":"#bd587a"}},"borderColor":"#bd587a"}},"e556":{"lg":{"root":{"borderStyle":"solid","width":"178","height":"38","fontSize":"16px","backgroundColor":"#faad33ff","borderColor":"#faad33ff","lineHeight":20,"borderRadius":"6"},"rootHover":{"borderStyle":"solid","width":"178","height":"38","fontSize":"16px","backgroundColor":"#faad33ff","borderColor":"#faad33ff","lineHeight":20,"borderRadius":"6"},"rootActive":{"borderStyle":"solid","width":"178","height":"38","fontSize":"16px","backgroundColor":"#faad33ff","borderColor":"#faad33ff","lineHeight":20,"borderRadius":"6"}},"type":"Button","IsConfiguredDevice":{"md":true,"sm":true},"md":{"root":{"borderStyle":"solid","width":"178","height":"38","fontSize":"16px","backgroundColor":"#faad33ff","borderColor":"#faad33ff","lineHeight":20,"borderRadius":"6"},"rootHover":{"borderStyle":"solid","width":"178","height":"38","fontSize":"16px","backgroundColor":"#faad33ff","borderColor":"#faad33ff","lineHeight":20,"borderRadius":"6"},"rootActive":{"borderStyle":"solid","width":"178","height":"38","fontSize":"16px","backgroundColor":"#faad33ff","borderColor":"#faad33ff","lineHeight":20,"borderRadius":"6"}},"sm":{"root":{"borderStyle":"solid","width":"178","height":"38","fontSize":"16px","backgroundColor":"#faad33ff","borderColor":"#faad33ff","lineHeight":20,"borderRadius":"6"},"rootHover":{"borderStyle":"solid","width":"178","height":"38","fontSize":"16px","backgroundColor":"#faad33ff","borderColor":"#faad33ff","lineHeight":20,"borderRadius":"6"},"rootActive":{"borderStyle":"solid","width":"178","height":"38","fontSize":"16px","backgroundColor":"#faad33ff","borderColor":"#faad33ff","lineHeight":20,"borderRadius":"6"}}},"e546":{"lg":{"root":{"width":"270","height":"auto","alignSelf":"flex-start"}},"type":"FormField","IsConfiguredDevice":{"md":true,"sm":true},"md":{"root":{"width":"270","height":"auto","alignSelf":"flex-start"}},"sm":{"root":{"width":"270","height":"auto","alignSelf":"flex-start"}}},"e547":{"lg":{"root":{"width":"270","height":"auto","alignSelf":"flex-start"}},"type":"FormField","IsConfiguredDevice":{"md":true,"sm":true},"md":{"root":{"width":"270","height":"auto","alignSelf":"flex-start"}},"sm":{"root":{"width":"270","height":"auto","alignSelf":"flex-start"}}},"e548":{"lg":{"root":{"width":"270","height":"auto","alignSelf":"flex-start"}},"type":"FormField","IsConfiguredDevice":{"md":true,"sm":true},"md":{"root":{"width":"270","height":"auto","alignSelf":"flex-start"}},"sm":{"root":{"width":"270","height":"auto","alignSelf":"flex-start"}}},"e549":{"lg":{"root":{"width":"270","height":"auto","alignSelf":"flex-start"}},"type":"FormField","IsConfiguredDevice":{"md":true,"sm":true},"md":{"root":{"width":"270","height":"auto","alignSelf":"flex-start"}},"sm":{"root":{"width":"270","height":"auto","alignSelf":"flex-start"}}}},"isSurveyForm":false},"URL":"ft680e05494f674a608e16a50cacb48073","UserID":236090,"CreatedAt":"2021-05-25T08:42:13.846Z","__v":0}