{"IsDeleted":false,"IsDisabled":false,"isPublic":true,"Description":"","Version":0,"ProjectID":"60a526590404e77ae74cb672","isCachedCDN":"","_id":"60a526590404e77ae74cb673","Props":{"elements":{"s3":{"type":"Strip","props":{"styleRef":"s3"},"children":["e463"],"parent":null},"e272":{"type":"FormField","props":{"control":"text","lg":{"value":"","label":"Country","placeholder":"","variant":"filled","gridArea":"Col1","position":{"rightUnit":"px","left":637,"leftUnit":"px","bottom":"","transform":"","bottomUnit":"px","top":270,"topUnit":"px","right":""},"isHidden":false},"styleRef":"e272","tag":"Registration_Country","md":{"readOnly":"","variant":"filled","isDisabled":"","autoFocus":"","position":{"rightUnit":"px","left":656,"leftUnit":"px","bottom":"unset","transform":"","bottomUnit":"px","top":174,"topUnit":"px","right":"unset"},"hideErrorIndicator":true,"disableAutoSuggest":"","isShowLabel":true,"placeholder":"","hideAsterisk":"","label":"Country","hideValidIndicator":true,"disallowPaste":"","tabOrder":"","mandatory":"","passwordMode":""},"sm":{"readOnly":"","variant":"filled","isDisabled":"","autoFocus":"","position":{"rightUnit":"px","left":399,"leftUnit":"px","bottom":"unset","transform":"","bottomUnit":"px","top":174,"topUnit":"px","right":"unset"},"hideErrorIndicator":true,"disableAutoSuggest":"","isShowLabel":true,"placeholder":"","hideAsterisk":"","label":"Country","hideValidIndicator":true,"disallowPaste":"","tabOrder":"","mandatory":"","passwordMode":""},"xs":{"variant":"filled"},"ss":{"variant":"filled"}},"children":[],"parent":"e463"},"e481":{"type":"Typography","props":{"lg":{"text":"<p><span style=\"color: #ffffff;\">Address:&nbsp;</span><br /><span style=\"color: #ffffff;\">Phone:</span><br /><span style=\"color: #ffffff;\">Fax:&nbsp;</span><br /><span style=\"color: #ffffff;\">Email:&nbsp;</span></p>","variant":"p","gridArea":"a","position":{"left":240,"top":69,"leftUnit":"px","topUnit":"px","right":"","bottom":"","transform":""},"isHidden":false,"isHTML":true},"styleRef":"e481","md":{"isHidden":true},"sm":{"isHidden":true}},"children":[],"parent":"Footer"},"e273":{"type":"FormField","props":{"control":"text","lg":{"value":"","label":"City","placeholder":"","variant":"filled","gridArea":"Col1","position":{"rightUnit":"px","left":36,"leftUnit":"px","bottom":"","transform":"","bottomUnit":"px","top":364,"topUnit":"px","right":""},"isHidden":false},"styleRef":"e273","tag":"Registration_City","md":{"readOnly":"","variant":"filled","isDisabled":"","autoFocus":"","position":{"rightUnit":"px","left":353,"leftUnit":"px","bottom":"unset","transform":"","bottomUnit":"px","top":237,"topUnit":"px","right":"unset"},"hideErrorIndicator":true,"disableAutoSuggest":"","isShowLabel":true,"placeholder":"","hideAsterisk":"","label":"City","hideValidIndicator":true,"disallowPaste":"","tabOrder":"","mandatory":"","passwordMode":""},"sm":{"readOnly":"","variant":"filled","isDisabled":"","autoFocus":"","position":{"rightUnit":"px","left":96,"leftUnit":"px","bottom":"unset","transform":"","bottomUnit":"px","top":237,"topUnit":"px","right":"unset"},"hideErrorIndicator":true,"disableAutoSuggest":"","isShowLabel":true,"placeholder":"","hideAsterisk":"","label":"City","hideValidIndicator":true,"disallowPaste":"","tabOrder":"","mandatory":"","passwordMode":""},"xs":{"variant":"filled"},"ss":{"variant":"filled"}},"children":[],"parent":"e463"},"e274":{"type":"FormField","props":{"control":"text","lg":{"value":"","label":"Street","placeholder":"","variant":"filled","gridArea":"Col1","position":{"rightUnit":"px","left":338,"leftUnit":"px","bottom":"","transform":"","bottomUnit":"px","top":361,"topUnit":"px","right":""},"isHidden":false},"styleRef":"e274","tag":"Registration_Street","md":{"readOnly":"","variant":"filled","isDisabled":"","autoFocus":"","position":{"rightUnit":"px","left":656,"leftUnit":"px","bottom":"unset","transform":"","bottomUnit":"px","top":237,"topUnit":"px","right":"unset"},"hideErrorIndicator":true,"disableAutoSuggest":"","isShowLabel":true,"placeholder":"","hideAsterisk":"","label":"Street","hideValidIndicator":true,"disallowPaste":"","tabOrder":"","mandatory":"","passwordMode":""},"sm":{"readOnly":"","variant":"filled","isDisabled":"","autoFocus":"","position":{"rightUnit":"px","left":399,"leftUnit":"px","bottom":"unset","transform":"","bottomUnit":"px","top":237,"topUnit":"px","right":"unset"},"hideErrorIndicator":true,"disableAutoSuggest":"","isShowLabel":true,"placeholder":"","hideAsterisk":"","label":"Street","hideValidIndicator":true,"disallowPaste":"","tabOrder":"","mandatory":"","passwordMode":""},"xs":{"variant":"filled"},"ss":{"variant":"filled"}},"children":[],"parent":"e463"},"e263":{"type":"FormField","props":{"control":"text","lg":{"value":"","label":"First Name","placeholder":"","variant":"filled","gridArea":"Col1","position":{"rightUnit":"px","left":34,"leftUnit":"px","bottom":"","transform":"","bottomUnit":"px","top":186,"topUnit":"px","right":""},"isHidden":false},"styleRef":"e263","tag":"Registration_FirstName","md":{"readOnly":"","variant":"filled","isDisabled":"","autoFocus":"","position":{"rightUnit":"px","left":353,"leftUnit":"px","bottom":"unset","transform":"","bottomUnit":"px","top":46,"topUnit":"px","right":"unset"},"hideErrorIndicator":true,"disableAutoSuggest":"","isShowLabel":true,"placeholder":"","hideAsterisk":"","label":"First Name","hideValidIndicator":true,"disallowPaste":"","tabOrder":"","mandatory":"","passwordMode":""},"sm":{"readOnly":"","variant":"filled","isDisabled":"","autoFocus":"","position":{"rightUnit":"px","left":96,"leftUnit":"px","bottom":"unset","transform":"","bottomUnit":"px","top":46,"topUnit":"px","right":"unset"},"hideErrorIndicator":true,"disableAutoSuggest":"","isShowLabel":true,"placeholder":"","hideAsterisk":"","label":"First Name","hideValidIndicator":true,"disallowPaste":"","tabOrder":"","mandatory":"","passwordMode":""},"xs":{"variant":"filled"},"ss":{"variant":"filled"}},"children":[],"parent":"e463"},"e275":{"type":"FormField","props":{"control":"signature","lg":{"value":"","label":"I agree to the company terms and conditions","placeholder":"[Sign Here]","variant":"standard","gridArea":"Col1","position":{"left":275,"top":455,"leftUnit":"px","topUnit":"px","right":"","bottom":"","transform":""},"drawLine":true,"isHidden":false},"styleRef":"e275","tag":"Registration_Signature","md":{"variant":"standard","isDisabled":"","position":{"left":354,"top":316,"leftUnit":"px","topUnit":"px","right":"","bottom":"","transform":""},"hideErrorIndicator":true,"isShowLabel":true,"hideAsterisk":"","label":"I agree to the company terms and conditions","hideValidIndicator":true,"tabOrder":"","mandatory":""},"sm":{"variant":"standard","isDisabled":"","position":{"left":97,"top":316,"leftUnit":"px","topUnit":"px","right":"","bottom":"","transform":""},"hideErrorIndicator":true,"isShowLabel":true,"hideAsterisk":"","label":"I agree to the company terms and conditions","hideValidIndicator":true,"tabOrder":"","mandatory":""}},"children":[],"parent":"e463"},"e264":{"type":"FormField","props":{"control":"text","lg":{"value":"","label":"Last Name","placeholder":"","variant":"filled","gridArea":"Col1","position":{"rightUnit":"px","left":336,"leftUnit":"px","bottom":"","transform":"","bottomUnit":"px","top":187,"topUnit":"px","right":""},"isHidden":false},"styleRef":"e264","tag":"Registration_Last Name","md":{"readOnly":"","variant":"filled","isDisabled":"","autoFocus":"","position":{"rightUnit":"px","left":656,"leftUnit":"px","bottom":"unset","transform":"","bottomUnit":"px","top":46,"topUnit":"px","right":"unset"},"hideErrorIndicator":true,"disableAutoSuggest":"","isShowLabel":true,"placeholder":"","hideAsterisk":"","label":"Last Name","hideValidIndicator":true,"disallowPaste":"","tabOrder":"","mandatory":"","passwordMode":""},"sm":{"readOnly":"","variant":"filled","isDisabled":"","autoFocus":"","position":{"rightUnit":"px","left":399,"leftUnit":"px","bottom":"unset","transform":"","bottomUnit":"px","top":46,"topUnit":"px","right":"unset"},"hideErrorIndicator":true,"disableAutoSuggest":"","isShowLabel":true,"placeholder":"","hideAsterisk":"","label":"Last Name","hideValidIndicator":true,"disallowPaste":"","tabOrder":"","mandatory":"","passwordMode":""},"xs":{"variant":"filled"},"ss":{"variant":"filled"}},"children":[],"parent":"e463"},"e463":{"type":"Section","props":{"lg":{"gridArea":"Col1","position":{"left":"50","top":0,"leftUnit":"%","topUnit":"px","right":"unset","bottom":"","transform":"translateX(-50%)","rightUnit":""},"isHidden":false},"styleRef":"e463","md":{"isHidden":true},"sm":{"isHidden":true}},"children":["e263","e264","e265","e268","e266","e272","e273","e274","e275","e277","e464"],"parent":"s3"},"e265":{"type":"FormField","props":{"control":"text","lg":{"value":"","label":"Company Name","placeholder":"","variant":"filled","gridArea":"Col1","position":{"rightUnit":"px","left":636,"leftUnit":"px","bottom":"","transform":"","bottomUnit":"px","top":189,"topUnit":"px","right":""},"isHidden":false},"styleRef":"e265","tag":"Registration_CompanyName","md":{"readOnly":"","variant":"filled","isDisabled":"","autoFocus":"","position":{"rightUnit":"px","left":353,"leftUnit":"px","bottom":"unset","transform":"","bottomUnit":"px","top":111,"topUnit":"px","right":"unset"},"hideErrorIndicator":true,"disableAutoSuggest":"","isShowLabel":true,"placeholder":"","hideAsterisk":"","label":"Company Name","hideValidIndicator":true,"disallowPaste":"","tabOrder":"","mandatory":"","passwordMode":""},"sm":{"readOnly":"","variant":"filled","isDisabled":"","autoFocus":"","position":{"rightUnit":"px","left":96,"leftUnit":"px","bottom":"unset","transform":"","bottomUnit":"px","top":111,"topUnit":"px","right":"unset"},"hideErrorIndicator":true,"disableAutoSuggest":"","isShowLabel":true,"placeholder":"","hideAsterisk":"","label":"Company Name","hideValidIndicator":true,"disallowPaste":"","tabOrder":"","mandatory":"","passwordMode":""},"xs":{"variant":"filled"},"ss":{"variant":"filled"}},"children":[],"parent":"e463"},"e277":{"type":"Button","props":{"styleRef":"e277","target":"self","action":[{"uid":"8638f08e-2f3d-4d11-8c99-8fbfe4d7b607","conditions":[],"isAction":false,"actions":{"sfAction":[{"items":[{"label":"#7 Account (create)  - Create New Partner","value":"fe22bf30-3ce3-40d2-8cc4-7f53629fe732","isPush":true,"order":""}]}]},"name":"Push To SF"},{"uid":"e7209d4a-e34d-4567-8565-ea6bb3652982","conditions":[],"isAction":false,"actions":{"redirect":[{"enabled":true,"typeOfRedirect":"Internal","redirect":{"label":"Page / Manage Leads","value":"p13","type":"page","ftMode":"Internal"}}],"predefined":{"0":{"enabled":false,"action":"SmartV Login"}}},"name":"Redirect to login"}],"md":{"position":{"left":"50","top":556,"leftUnit":"%","topUnit":"px","right":"unset","bottom":"","transform":"translateX(-50%)","rightUnit":""}},"sm":{"position":{"left":"50","top":556,"leftUnit":"%","topUnit":"px","right":"unset","bottom":"","transform":"translateX(-50%)","rightUnit":""}},"type":"redirect","lg":{"text":"Sign Up","gridArea":"Col1","variant":"primary","position":{"left":379,"top":695,"leftUnit":"px","topUnit":"px","right":"","bottom":"","transform":"","rightUnit":""},"isHidden":false},"redirect":{"label":"Other","value":"other"},"customURL":""},"children":[],"parent":"e463"},"e464":{"type":"Typography","props":{"lg":{"text":"Registration","variant":"h1","gridArea":"","position":{"left":337,"top":39,"leftUnit":"px","right":"","rightUnit":"","transform":"","topUnit":"px","bottom":""},"isHidden":false},"styleRef":"e464","md":{"isHidden":true},"sm":{"isHidden":true}},"children":[],"parent":"e463"},"e266":{"type":"FormField","props":{"control":"email","lg":{"value":"","label":"Email","placeholder":"","variant":"filled","gridArea":"Col1","position":{"rightUnit":"px","left":337,"leftUnit":"px","bottom":"","transform":"","bottomUnit":"px","top":273,"topUnit":"px","right":""},"isHidden":false},"styleRef":"e266","tag":"Registration_Email","md":{"readOnly":"","variant":"filled","isDisabled":"","autoFocus":"","position":{"rightUnit":"px","left":353,"leftUnit":"px","bottom":"unset","transform":"","bottomUnit":"px","top":174,"topUnit":"px","right":"unset"},"hideErrorIndicator":true,"disableAutoSuggest":"","isShowLabel":true,"placeholder":"","hideAsterisk":"","label":"Email","hideValidIndicator":true,"disallowPaste":"","tabOrder":"","mandatory":""},"sm":{"readOnly":"","variant":"filled","isDisabled":"","autoFocus":"","position":{"rightUnit":"px","left":96,"leftUnit":"px","bottom":"unset","transform":"","bottomUnit":"px","top":174,"topUnit":"px","right":"unset"},"hideErrorIndicator":true,"disableAutoSuggest":"","isShowLabel":true,"placeholder":"","hideAsterisk":"","label":"Email","hideValidIndicator":true,"disallowPaste":"","tabOrder":"","mandatory":""},"xs":{"variant":"filled"},"ss":{"variant":"filled"}},"children":[],"parent":"e463"},"e268":{"type":"FormField","props":{"ss":{"variant":"filled"},"items":[{"label":"Item 1","value":"key1","uid":"68541219-7386-426b-a00f-1551310f37a3"},{"label":"Item 2","value":"key2","uid":"3d354402-56e5-489b-a261-16b9e23b81f6"},{"label":"Item 3","value":"key3","uid":"560757e0-3ad4-4222-a3f5-360052b68e61"}],"styleRef":"e268","md":{"items":"","variant":"filled","isDisabled":"","isDistinct":"","position":{"rightUnit":"px","left":656,"leftUnit":"px","bottom":"unset","transform":"","bottomUnit":"px","top":111,"topUnit":"px","right":"unset"},"hideErrorIndicator":true,"isShowLabel":true,"hideAsterisk":"","label":"Industry","hideValidIndicator":true,"tabOrder":"","mandatory":"","dependentPickList":""},"field":{"label":"Industry","value":"Industry"},"sm":{"items":"","variant":"filled","isDisabled":"","isDistinct":"","position":{"rightUnit":"px","left":399,"leftUnit":"px","bottom":"unset","transform":"","bottomUnit":"px","top":111,"topUnit":"px","right":"unset"},"hideErrorIndicator":true,"isShowLabel":true,"hideAsterisk":"","label":"Industry","hideValidIndicator":true,"tabOrder":"","mandatory":"","dependentPickList":""},"tag":"Registration_Industry","source":"sf","lg":{"value":"","label":"Industry","placeholder":"Choose Industry","variant":"filled","gridArea":"Col1","position":{"rightUnit":"px","left":35,"leftUnit":"px","bottom":"","transform":"","bottomUnit":"px","top":276,"topUnit":"px","right":""},"isHidden":false},"xs":{"variant":"filled"},"control":"select","object":"Account"},"children":[],"parent":"e463"},"Footer":{"children":["e481"]}},"Grid":["s3"],"styles":{"s3":{"type":"Strip","lg":{"columns":1,"rows":1,"areas":[["Col1"]],"root":{"minHeight":850,"backgroundImage":"https://d3255hq6rclyj1.cloudfront.net/60995b4caf27f03794f40d98_ftusergal_.jpg"},"row0":789,"row0Unit":"px"},"md":{"columns":1,"rows":1,"areas":[["Col1"]],"root":{"minHeight":616},"row0":663,"row0Unit":"px"},"IsConfiguredDevice":{"md":true,"sm":true},"sm":{"rows":1,"areas":[["Col1"]],"root":{"minHeight":"unset !important"},"row0":614,"row0Unit":"px","columns":"1"}},"e272":{"lg":{"root":{"width":"270","height":"auto"}},"type":"FormField","IsConfiguredDevice":{"md":true,"sm":true},"md":{"root":{"width":"270","height":"auto","alignSelf":"flex-start"}},"sm":{"root":{"width":"270","height":"auto","alignSelf":"flex-start"}}},"e481":{"lg":{"root":{"width":91.5,"height":"auto"}},"type":"Typography"},"e273":{"lg":{"root":{"width":"270","height":"auto"}},"type":"FormField","IsConfiguredDevice":{"md":true,"sm":true},"md":{"root":{"width":"270","height":"auto","alignSelf":"flex-start"}},"sm":{"root":{"width":"270","height":"auto","alignSelf":"flex-start"}}},"e274":{"lg":{"root":{"width":562.5,"height":"auto"}},"type":"FormField","IsConfiguredDevice":{"md":true,"sm":true},"md":{"root":{"width":"270","height":"auto","alignSelf":"flex-start"}},"sm":{"root":{"width":"270","height":"auto","alignSelf":"flex-start"}}},"e263":{"lg":{"root":{"width":"270","height":"auto"}},"type":"FormField","IsConfiguredDevice":{"md":true,"sm":true},"md":{"root":{"width":"270","height":"auto","alignSelf":"flex-start"}},"sm":{"root":{"width":"270","height":"auto","alignSelf":"flex-start"}}},"e275":{"lg":{"root":{"width":403,"height":206,"minHeight":206},"line":"#bd587a","modal":{"title":{"backgroundColor":"#bd587a","fontFamily":"'Fira Sans', sans-serif;"}}},"type":"FormField","IsConfiguredDevice":{"md":true,"sm":true},"md":{"root":{"width":269.5,"height":208,"minHeight":208},"line":"#bd587a","modal":{"title":{"backgroundColor":"#bd587a","fontFamily":"'Fira Sans', sans-serif;"}}},"sm":{"root":{"width":269.5,"height":208,"minHeight":208},"line":"#bd587a","modal":{"title":{"backgroundColor":"#bd587a","fontFamily":"'Fira Sans', sans-serif;"}}}},"e264":{"lg":{"root":{"width":"270","height":"auto"}},"type":"FormField","IsConfiguredDevice":{"md":true,"sm":true},"md":{"root":{"width":"270","height":"auto","alignSelf":"flex-start"}},"sm":{"root":{"width":"270","height":"auto","alignSelf":"flex-start"}}},"e463":{"lg":{"root":{"borderStyle":"solid","width":940,"height":"100","heightUnit":"%","backgroundColor":"#ffffff5e","borderWidth":"0"}},"type":"Section"},"e265":{"lg":{"root":{"width":"270","height":"auto"}},"type":"FormField","IsConfiguredDevice":{"md":true,"sm":true},"md":{"root":{"width":"270","height":"auto","alignSelf":"flex-start"}},"sm":{"root":{"width":"270","height":"auto","alignSelf":"flex-start"}}},"e277":{"lg":{"root":{"borderStyle":"solid","width":"178","height":50,"fontSize":"16px","backgroundColor":"#1d6007b3","borderColor":"#ffffffff","lineHeight":20,"borderRadius":"0"},"rootHover":{"borderStyle":"solid","width":"178","height":"50","backgroundColor":"#afb530ff","borderWidth":"0","borderRadius":"0","fontSize":"16px","lineHeight":20},"rootActive":{"borderStyle":"solid","width":"178","height":"50","backgroundColor":"#afb530ff","borderWidth":"0","borderRadius":"0","fontSize":"16px","lineHeight":20}},"type":"Button","IsConfiguredDevice":{"md":true,"sm":true},"md":{"root":{"borderStyle":"solid","width":"178","height":"38","fontSize":"16px","backgroundColor":"#faad33ff","borderRadius":"6","lineHeight":20}},"sm":{"root":{"borderStyle":"solid","width":"178","height":"38","fontSize":"16px","backgroundColor":"#faad33ff","borderRadius":"6","lineHeight":20}}},"e464":{"lg":{"root":{"color":"#000000ff","width":"270","height":77,"fontWeight":"normal"}},"type":"Typography"},"e266":{"lg":{"root":{"width":"270","height":"auto"}},"type":"FormField","IsConfiguredDevice":{"md":true,"sm":true},"md":{"root":{"width":"270","height":"auto","alignSelf":"flex-start"}},"sm":{"root":{"width":"270","height":"auto","alignSelf":"flex-start"}}},"e268":{"lg":{"root":{"width":"270","height":"auto"}},"type":"FormField","IsConfiguredDevice":{"md":true,"sm":true},"md":{"root":{"width":"270","height":"auto","alignSelf":"flex-start"}},"sm":{"root":{"width":"270","height":"auto","alignSelf":"flex-start"}}}},"IsConfiguredDevice":{"md":true,"sm":true}},"UserID":236090,"__v":0,"URL":"ft98f01bdab455481f807364bef8b9ff95","CreatedAt":"2021-05-19T14:53:13.818Z"}